CDM_ID,CREATED,EMERGENCY_REPORTABLE,TCA,MIN_RNG,PC,SAT_1_ID,SAT_1_NAME,SAT1_OBJECT_TYPE,SAT1_RCS,SAT_1_EXCL_VOL,SAT_2_ID,SAT_2_NAME,SAT2_OBJECT_TYPE,SAT2_RCS,SAT_2_EXCL_VOL
"1409339842","2026-03-28 12:29:54.000000","Y","2026-03-31T09:21:54.613000","69","0.0001204577","30726","FENGYUN 1C DEB","DEBRIS","SMALL","1.00","60889","CZ-6A DEB","DEBRIS","SMALL","1.00"
"1409377614","2026-03-28 12:41:51.000000","Y","2026-03-31T09:21:54.613000","69","0.0001204577","60889","CZ-6A DEB","DEBRIS","SMALL","1.00","30726","FENGYUN 1C DEB","DEBRIS","SMALL","1.00"
"1408854311","2026-03-28 05:53:43.000000","Y","2026-03-30T22:27:46.883000","487","0.0004259692","37657","DELTA 1 DEB","DEBRIS","SMALL","1.00","14240","COSMOS 1486","PAYLOAD","LARGE","5.00"
"1408840211","2026-03-28 05:50:34.000000","Y","2026-03-30T22:27:46.883000","487","0.0004259692","14240","COSMOS 1486","PAYLOAD","LARGE","5.00","37657","DELTA 1 DEB","DEBRIS","SMALL","1.00"
"1409328640","2026-03-28 12:28:01.000000","Y","2026-03-30T22:27:46.832000","80","0.0006292401","14240","COSMOS 1486","PAYLOAD","LARGE","5.00","37657","DELTA 1 DEB","DEBRIS","SMALL","1.00"
"1409351541","2026-03-28 12:31:44.000000","Y","2026-03-30T22:27:46.832000","80","0.0006292401","37657","DELTA 1 DEB","DEBRIS","SMALL","1.00","14240","COSMOS 1486","PAYLOAD","LARGE","5.00"
"1408842602","2026-03-28 05:50:52.000000","Y","2026-03-30T21:59:57.302000","221","0.0001887207","20261","INTERCOSMOS 24","PAYLOAD","LARGE","5.00","34963","COSMOS 2251 DEB","DEBRIS","SMALL","1.00"
"1408849700","2026-03-28 05:53:07.000000","Y","2026-03-30T21:59:57.302000","221","0.0001887207","34963","COSMOS 2251 DEB","DEBRIS","SMALL","1.00","20261","INTERCOSMOS 24","PAYLOAD","LARGE","5.00"
"1409347007","2026-03-28 12:31:02.000000","Y","2026-03-30T21:59:57.176000","476","0.0001717968","34963","COSMOS 2251 DEB","DEBRIS","SMALL","1.00","20261","INTERCOSMOS 24","PAYLOAD","LARGE","5.00"
"1409330959","2026-03-28 12:28:25.000000","Y","2026-03-30T21:59:57.176000","476","0.0001717968","20261","INTERCOSMOS 24","PAYLOAD","LARGE","5.00","34963","COSMOS 2251 DEB","DEBRIS","SMALL","1.00"
"1408064036","2026-03-27 21:51:35.000000","Y","2026-03-30T21:07:44.117000","511","0.0002755917","25395","FASAT B","PAYLOAD","MEDIUM","5.00","33905","COSMOS 2251 DEB","DEBRIS","SMALL","1.00"
"1408855078","2026-03-28 05:51:13.000000","Y","2026-03-30T21:07:44.074000","968","0.0001760289","25395","FASAT B","PAYLOAD","MEDIUM","5.00","33905","COSMOS 2251 DEB","DEBRIS","SMALL","1.00"
"1408847958","2026-03-28 05:52:53.000000","Y","2026-03-30T21:07:44.074000","968","0.0001760289","33905","COSMOS 2251 DEB","DEBRIS","SMALL","1.00","25395","FASAT B","PAYLOAD","MEDIUM","5.00"
"1408721768","2026-03-28 04:21:31.000000","Y","2026-03-30T19:44:28.909000","4247","","39156","FREGAT R/B","ROCKET BODY","LARGE","3.00","52985","FREGAT R/B","ROCKET BODY","LARGE","3.00"
"1407990242","2026-03-27 20:38:36.000000","Y","2026-03-30T19:44:28.909000","4247","","39156","FREGAT R/B","ROCKET BODY","LARGE","3.00","52985","FREGAT R/B","ROCKET BODY","LARGE","3.00"
"1407995727","2026-03-27 20:38:44.000000","Y","2026-03-30T19:44:28.909000","4247","","52985","FREGAT R/B","ROCKET BODY","LARGE","3.00","39156","FREGAT R/B","ROCKET BODY","LARGE","3.00"
"1408760166","2026-03-28 04:21:44.000000","Y","2026-03-30T19:44:28.909000","4247","","52985","FREGAT R/B","ROCKET BODY","LARGE","3.00","39156","FREGAT R/B","ROCKET BODY","LARGE","3.00"
"1409238655","2026-03-28 11:22:43.000000","Y","2026-03-30T19:44:28.898000","4149","","52985","FREGAT R/B","ROCKET BODY","LARGE","3.00","39156","FREGAT R/B","ROCKET BODY","LARGE","3.00"
"1409235887","2026-03-28 11:22:37.000000","Y","2026-03-30T19:44:28.898000","4149","","39156","FREGAT R/B","ROCKET BODY","LARGE","3.00","52985","FREGAT R/B","ROCKET BODY","LARGE","3.00"
"1408092508","2026-03-27 21:56:05.000000","Y","2026-03-30T19:16:17.193000","286","0.0003555877","41428","NOAA 16 DEB","DEBRIS","SMALL","1.00","17303","COSMOS 1814","PAYLOAD","LARGE","5.00"
"1408059900","2026-03-27 21:50:56.000000","Y","2026-03-30T19:16:17.193000","286","0.0003555877","17303","COSMOS 1814","PAYLOAD","LARGE","5.00","41428","NOAA 16 DEB","DEBRIS","SMALL","1.00"
"1408897212","2026-03-28 05:54:52.000000","Y","2026-03-30T19:16:17.070000","553","0.0001781666","41428","NOAA 16 DEB","DEBRIS","SMALL","1.00","17303","COSMOS 1814","PAYLOAD","LARGE","5.00"
"1408841197","2026-03-28 05:50:40.000000","Y","2026-03-30T19:16:17.070000","553","0.0001781666","17303","COSMOS 1814","PAYLOAD","LARGE","5.00","41428","NOAA 16 DEB","DEBRIS","SMALL","1.00"
"1408063419","2026-03-27 21:51:27.000000","Y","2026-03-30T14:58:10.350000","96","0.003684508","24277","ADEOS","PAYLOAD","LARGE","5.00","60894","CZ-6A DEB","DEBRIS","SMALL","1.00"
"1408150830","2026-03-27 22:05:46.000000","Y","2026-03-30T14:58:10.350000","96","0.003684508","60894","CZ-6A DEB","DEBRIS","SMALL","1.00","24277","ADEOS","PAYLOAD","LARGE","5.00"
"1408924535","2026-03-28 06:04:29.000000","Y","2026-03-30T14:58:10.340000","44","0.008072563","60894","CZ-6A DEB","DEBRIS","SMALL","1.00","24277","ADEOS","PAYLOAD","LARGE","5.00"
"1408844504","2026-03-28 05:51:09.000000","Y","2026-03-30T14:58:10.340000","44","0.008072563","24277","ADEOS","PAYLOAD","LARGE","5.00","60894","CZ-6A DEB","DEBRIS","SMALL","1.00"
"1409377623","2026-03-28 12:41:51.000000","Y","2026-03-30T14:58:10.321000","28","0.0117569","60894","CZ-6A DEB","DEBRIS","SMALL","1.00","24277","ADEOS","PAYLOAD","LARGE","5.00"
"1409332787","2026-03-28 12:28:47.000000","Y","2026-03-30T14:58:10.321000","28","0.0117569","24277","ADEOS","PAYLOAD","LARGE","5.00","60894","CZ-6A DEB","DEBRIS","SMALL","1.00"
"1408054865","2026-03-27 21:50:16.000000","Y","2026-03-30T12:10:05.949000","806","0.0001325857","4070","COSMOS 292","PAYLOAD","LARGE","5.00","29906","FENGYUN 1C DEB","DEBRIS","SMALL","1.00"
"1408054676","2026-03-27 21:50:15.000000","Y","2026-03-30T11:48:44.519000","370","0.0004657113","3561","COSMOS 252 DEB","DEBRIS","MEDIUM","1.00","49003","OBJECT A","UNKNOWN","LARGE","5.00"
"1407495244","2026-03-27 12:34:36.000000","Y","2026-03-30T11:48:44.430000","723","0.0001800054","3561","COSMOS 252 DEB","DEBRIS","MEDIUM","1.00","49003","OBJECT A","UNKNOWN","LARGE","5.00"
"1408836181","2026-03-28 05:49:49.000000","Y","2026-03-30T11:48:44.355000","145","0.0001281624","3561","COSMOS 252 DEB","DEBRIS","MEDIUM","1.00","49003","OBJECT A","UNKNOWN","LARGE","5.00"
"1408856840","2026-03-28 05:51:28.000000","Y","2026-03-30T09:05:20.104000","78","0.0002378798","27492","CZ-4 DEB","DEBRIS","SMALL","1.00","35051","IRIDIUM 33 DEB","DEBRIS","SMALL","1.00"
"1408849852","2026-03-28 05:53:08.000000","Y","2026-03-30T09:05:20.104000","78","0.0002378798","35051","IRIDIUM 33 DEB","DEBRIS","SMALL","1.00","27492","CZ-4 DEB","DEBRIS","SMALL","1.00"
"1409335093","2026-03-28 12:29:10.000000","Y","2026-03-30T09:05:19.996000","74","0.00023293","27492","CZ-4 DEB","DEBRIS","SMALL","1.00","35051","IRIDIUM 33 DEB","DEBRIS","SMALL","1.00"
"1409347165","2026-03-28 12:31:04.000000","Y","2026-03-30T09:05:19.996000","74","0.00023293","35051","IRIDIUM 33 DEB","DEBRIS","SMALL","1.00","27492","CZ-4 DEB","DEBRIS","SMALL","1.00"
"1408926798","2026-03-28 06:04:55.000000","Y","2026-03-30T06:42:47.652000","122","0.0002645851","61368","CZ-6A DEB","DEBRIS","SMALL","1.00","41058","NOAA 16 DEB","DEBRIS","SMALL","1.00"
"1408895692","2026-03-28 05:54:39.000000","Y","2026-03-30T06:42:47.652000","122","0.0002645851","41058","NOAA 16 DEB","DEBRIS","SMALL","1.00","61368","CZ-6A DEB","DEBRIS","SMALL","1.00"
"1409359390","2026-03-28 12:32:53.000000","Y","2026-03-30T06:42:47.594000","95","0.0003397064","41058","NOAA 16 DEB","DEBRIS","SMALL","1.00","61368","CZ-6A DEB","DEBRIS","SMALL","1.00"
"1409379829","2026-03-28 12:42:12.000000","Y","2026-03-30T06:42:47.594000","95","0.0003397064","61368","CZ-6A DEB","DEBRIS","SMALL","1.00","41058","NOAA 16 DEB","DEBRIS","SMALL","1.00"
"1408843236","2026-03-28 05:50:58.000000","Y","2026-03-30T05:14:48.013000","40","0.0006445256","21131","SL-8 R/B","ROCKET BODY","LARGE","3.00","54442","CZ-6A DEB","DEBRIS","MEDIUM","1.00"
"1408919313","2026-03-28 05:59:00.000000","Y","2026-03-30T05:14:48.013000","40","0.0006445256","54442","CZ-6A DEB","DEBRIS","MEDIUM","1.00","21131","SL-8 R/B","ROCKET BODY","LARGE","3.00"
"1408114788","2026-03-27 22:00:35.000000","Y","2026-03-30T05:14:48.011000","42","0.0001968874","54442","CZ-6A DEB","DEBRIS","MEDIUM","1.00","21131","SL-8 R/B","ROCKET BODY","LARGE","3.00"
"1407590070","2026-03-27 12:43:44.000000","Y","2026-03-30T05:14:48.011000","40","0.0003573745","54442","CZ-6A DEB","DEBRIS","MEDIUM","1.00","21131","SL-8 R/B","ROCKET BODY","LARGE","3.00"
"1407502534","2026-03-27 12:35:38.000000","Y","2026-03-30T05:14:48.011000","40","0.0003573745","21131","SL-8 R/B","ROCKET BODY","LARGE","3.00","54442","CZ-6A DEB","DEBRIS","MEDIUM","1.00"
"1408062061","2026-03-27 21:51:15.000000","Y","2026-03-30T05:14:48.011000","42","0.0001968874","21131","SL-8 R/B","ROCKET BODY","LARGE","3.00","54442","CZ-6A DEB","DEBRIS","MEDIUM","1.00"
"1409331592","2026-03-28 12:28:33.000000","Y","2026-03-30T05:14:48.010000","40","0.000500524","21131","SL-8 R/B","ROCKET BODY","LARGE","3.00","54442","CZ-6A DEB","DEBRIS","MEDIUM","1.00"
"1409402747","2026-03-28 12:36:30.000000","Y","2026-03-30T05:14:48.010000","40","0.000500524","54442","CZ-6A DEB","DEBRIS","MEDIUM","1.00","21131","SL-8 R/B","ROCKET BODY","LARGE","3.00"
"1406872683","2026-03-27 05:34:58.000000","Y","2026-03-30T05:14:48.005000","38","0.000926092","21131","SL-8 R/B","ROCKET BODY","LARGE","3.00","54442","CZ-6A DEB","DEBRIS","MEDIUM","1.00"
"1407163096","2026-03-27 06:05:05.000000","Y","2026-03-30T05:14:48.005000","38","0.0009260921","21131","SL-8 R/B","ROCKET BODY","LARGE","3.00","54442","CZ-6A DEB","DEBRIS","MEDIUM","1.00"
"1407075897","2026-03-27 06:12:53.000000","Y","2026-03-30T05:14:48.005000","38","0.0009260921","54442","CZ-6A DEB","DEBRIS","MEDIUM","1.00","21131","SL-8 R/B","ROCKET BODY","LARGE","3.00"
"1408856877","2026-03-28 05:51:28.000000","Y","2026-03-30T03:55:17.663000","773","0.0001582512","27561","RUBIN 3/SL-8","PAYLOAD","LARGE","5.00","46430","COSMOS 2251 DEB","DEBRIS","","1.00"
"1406876524","2026-03-27 05:35:42.000000","Y","2026-03-30T03:55:17.507000","331","0.0001291182","27561","RUBIN 3/SL-8","PAYLOAD","LARGE","5.00","46430","COSMOS 2251 DEB","DEBRIS","","1.00"
"1406947884","2026-03-27 06:05:35.000000","Y","2026-03-30T03:55:17.507000","331","0.0001291181","27561","RUBIN 3/SL-8","PAYLOAD","LARGE","5.00","46430","COSMOS 2251 DEB","DEBRIS","","1.00"
"1407004027","2026-03-27 06:10:48.000000","Y","2026-03-30T03:55:17.507000","331","0.0001291181","46430","COSMOS 2251 DEB","DEBRIS","","1.00","27561","RUBIN 3/SL-8","PAYLOAD","LARGE","5.00"
"1409391267","2026-03-28 12:34:43.000000","Y","2026-03-30T03:55:17.498000","327","0.0002714759","46430","COSMOS 2251 DEB","DEBRIS","","1.00","27561","RUBIN 3/SL-8","PAYLOAD","LARGE","5.00"
"1409335129","2026-03-28 12:29:13.000000","Y","2026-03-30T03:55:17.498000","327","0.0002714759","27561","RUBIN 3/SL-8","PAYLOAD","LARGE","5.00","46430","COSMOS 2251 DEB","DEBRIS","","1.00"
"1409386356","2026-03-28 12:33:57.000000","Y","2026-03-30T01:07:24.646000","533","0.0004125299","43682","H-2A R/B","ROCKET BODY","LARGE","3.00","22","EXPLORER 7","PAYLOAD","MEDIUM","5.00"
"1409323488","2026-03-28 12:27:09.000000","Y","2026-03-30T01:07:24.646000","533","0.0004125299","22","EXPLORER 7","PAYLOAD","MEDIUM","5.00","43682","H-2A R/B","ROCKET BODY","LARGE","3.00"
"1408149352","2026-03-27 22:05:32.000000","Y","2026-03-30T00:52:51.809000","262","0.0001067214","60652","CZ-6A DEB","DEBRIS","LARGE","1.00","31660","FENGYUN 1C DEB","DEBRIS","","1.00"
"1408864235","2026-03-28 05:52:30.000000","Y","2026-03-30T00:52:51.746000","225","0.0001439902","31660","FENGYUN 1C DEB","DEBRIS","","1.00","60652","CZ-6A DEB","DEBRIS","LARGE","1.00"
"1408923180","2026-03-28 06:04:13.000000","Y","2026-03-30T00:52:51.746000","225","0.0001439902","60652","CZ-6A DEB","DEBRIS","LARGE","1.00","31660","FENGYUN 1C DEB","DEBRIS","","1.00"
"1409376320","2026-03-28 12:41:40.000000","Y","2026-03-30T00:52:51.674000","210","0.0001629744","60652","CZ-6A DEB","DEBRIS","LARGE","1.00","31660","FENGYUN 1C DEB","DEBRIS","","1.00"
"1409342375","2026-03-28 12:30:18.000000","Y","2026-03-30T00:52:51.647000","180","0.0002033787","31660","FENGYUN 1C DEB","DEBRIS","","1.00","60652","CZ-6A DEB","DEBRIS","LARGE","1.00"
"1406988603","2026-03-27 05:49:15.000000","Y","2026-03-30T00:52:51.639000","189","0.0001307294","60652","CZ-6A DEB","DEBRIS","LARGE","1.00","31660","FENGYUN 1C DEB","DEBRIS","","1.00"
"1406884002","2026-03-27 05:36:59.000000","Y","2026-03-30T00:52:51.639000","189","0.0001307294","31660","FENGYUN 1C DEB","DEBRIS","","1.00","60652","CZ-6A DEB","DEBRIS","LARGE","1.00"
"1407010725","2026-03-27 06:17:35.000000","Y","2026-03-30T00:52:51.638000","189","0.0001307293","60652","CZ-6A DEB","DEBRIS","LARGE","1.00","31660","FENGYUN 1C DEB","DEBRIS","","1.00"
"1409325688","2026-03-28 12:27:27.000000","Y","2026-03-30T00:06:51.454000","424","0.000107889","5560","ASTEX 1","PAYLOAD","LARGE","5.00","28335","DMSP 5D-2 F11 DEB","DEBRIS","SMALL","1.00"
"1409335957","2026-03-28 12:29:19.000000","Y","2026-03-30T00:06:51.454000","424","0.000107889","28335","DMSP 5D-2 F11 DEB","DEBRIS","SMALL","1.00","5560","ASTEX 1","PAYLOAD","LARGE","5.00"
"1408926750","2026-03-28 06:04:54.000000","Y","2026-03-29T21:40:20.000000","383","0.0002027505","61361","CZ-6A DEB","DEBRIS","SMALL","1.00","227","DELTA 1 DEB (YO)","DEBRIS","SMALL","1.00"
"1408835177","2026-03-28 05:49:40.000000","Y","2026-03-29T21:40:20.000000","383","0.0002027505","227","DELTA 1 DEB (YO)","DEBRIS","SMALL","1.00","61361","CZ-6A DEB","DEBRIS","SMALL","1.00"
"1409323645","2026-03-28 12:27:08.000000","Y","2026-03-29T21:40:19.955000","128","0.0003101957","227","DELTA 1 DEB (YO)","DEBRIS","SMALL","1.00","61361","CZ-6A DEB","DEBRIS","SMALL","1.00"
"1409379783","2026-03-28 12:42:09.000000","Y","2026-03-29T21:40:19.955000","128","0.0003101957","61361","CZ-6A DEB","DEBRIS","SMALL","1.00","227","DELTA 1 DEB (YO)","DEBRIS","SMALL","1.00"
"1406351027","2026-03-26 23:28:01.000000","Y","2026-03-29T18:11:09.959000","24","0.0002494828","60706","CZ-6A DEB","DEBRIS","MEDIUM","1.00","56592","CZ-6A DEB","DEBRIS","SMALL","1.00"
"1406272829","2026-03-26 23:24:14.000000","Y","2026-03-29T18:11:09.959000","24","0.0002494828","56592","CZ-6A DEB","DEBRIS","SMALL","1.00","60706","CZ-6A DEB","DEBRIS","MEDIUM","1.00"
"1408839206","2026-03-28 05:50:21.000000","Y","2026-03-29T15:19:18.274000","558","0.0001011851","12792","SL-8 R/B","ROCKET BODY","LARGE","3.00","61488","CZ-6A DEB","DEBRIS","SMALL","1.00"
"1408927376","2026-03-28 06:05:01.000000","Y","2026-03-29T15:19:18.274000","558","0.0001011851","61488","CZ-6A DEB","DEBRIS","SMALL","1.00","12792","SL-8 R/B","ROCKET BODY","LARGE","3.00"
"1406192406","2026-03-26 23:14:05.000000","Y","2026-03-29T12:33:59.430000","404","0.0001203185","11112","SL-8 R/B","ROCKET BODY","LARGE","3.00","41152","NOAA 16 DEB","DEBRIS","SMALL","1.00"
"1406242600","2026-03-26 23:19:33.000000","Y","2026-03-29T12:33:59.430000","404","0.0001203185","41152","NOAA 16 DEB","DEBRIS","SMALL","1.00","11112","SL-8 R/B","ROCKET BODY","LARGE","3.00"
"1406867935","2026-03-27 05:34:05.000000","Y","2026-03-29T12:33:59.429000","405","0.0001177384","11112","SL-8 R/B","ROCKET BODY","LARGE","3.00","41152","NOAA 16 DEB","DEBRIS","SMALL","1.00"
"1406900413","2026-03-27 05:39:44.000000","Y","2026-03-29T12:33:59.429000","405","0.0001177384","41152","NOAA 16 DEB","DEBRIS","SMALL","1.00","11112","SL-8 R/B","ROCKET BODY","LARGE","3.00"
"1407158106","2026-03-27 06:04:31.000000","Y","2026-03-29T12:33:59.429000","405","0.0001177401","11112","SL-8 R/B","ROCKET BODY","LARGE","3.00","41152","NOAA 16 DEB","DEBRIS","SMALL","1.00"
"1408956263","2026-03-28 06:00:14.000000","Y","2026-03-29T08:39:14.582000","73","0.0002645985","56661","CZ-6A DEB","DEBRIS","SMALL","1.00","45722","CZ-2C R/B","ROCKET BODY","LARGE","3.00"
"1408102494","2026-03-27 21:58:23.000000","Y","2026-03-29T08:39:14.569000","105","0.0001621063","45722","CZ-2C R/B","ROCKET BODY","LARGE","3.00","56661","CZ-6A DEB","DEBRIS","SMALL","1.00"
"1408121665","2026-03-27 22:01:31.000000","Y","2026-03-29T08:39:14.569000","105","0.0001621063","56661","CZ-6A DEB","DEBRIS","SMALL","1.00","45722","CZ-2C R/B","ROCKET BODY","LARGE","3.00"
"1409369522","2026-03-28 12:37:32.000000","Y","2026-03-29T08:39:14.568000","84","0.0002100341","56661","CZ-6A DEB","DEBRIS","SMALL","1.00","45722","CZ-2C R/B","ROCKET BODY","LARGE","3.00"
"1409390650","2026-03-28 12:34:40.000000","Y","2026-03-29T08:39:14.568000","84","0.0002100341","45722","CZ-2C R/B","ROCKET BODY","LARGE","3.00","56661","CZ-6A DEB","DEBRIS","SMALL","1.00"
"1409233897","2026-03-28 11:22:16.000000","Y","2026-03-29T06:44:13.008000","2432","","21221","SL-12 R/B(2)","ROCKET BODY","LARGE","3.00","20024","COSMOS 2022 (GLONASS)","PAYLOAD","LARGE","5.00"
"1408719346","2026-03-28 04:21:10.000000","Y","2026-03-29T06:44:13.008000","2432","","20024","COSMOS 2022 (GLONASS)","PAYLOAD","LARGE","5.00","21221","SL-12 R/B(2)","ROCKET BODY","LARGE","3.00"
"1409233793","2026-03-28 11:22:15.000000","Y","2026-03-29T06:44:13.008000","2432","","20024","COSMOS 2022 (GLONASS)","PAYLOAD","LARGE","5.00","21221","SL-12 R/B(2)","ROCKET BODY","LARGE","3.00"
"1408719468","2026-03-28 04:21:12.000000","Y","2026-03-29T06:44:13.008000","2432","","21221","SL-12 R/B(2)","ROCKET BODY","LARGE","3.00","20024","COSMOS 2022 (GLONASS)","PAYLOAD","LARGE","5.00"
"1406793513","2026-03-27 05:13:09.000000","Y","2026-03-29T06:44:13.008000","2432","","21221","SL-12 R/B(2)","ROCKET BODY","LARGE","3.00","20024","COSMOS 2022 (GLONASS)","PAYLOAD","LARGE","5.00"
"1407387459","2026-03-27 11:35:53.000000","Y","2026-03-29T06:44:13.008000","2432","","20024","COSMOS 2022 (GLONASS)","PAYLOAD","LARGE","5.00","21221","SL-12 R/B(2)","ROCKET BODY","LARGE","3.00"
"1406673836","2026-03-27 04:08:09.000000","Y","2026-03-29T06:44:13.008000","2432","","20024","COSMOS 2022 (GLONASS)","PAYLOAD","LARGE","5.00","21221","SL-12 R/B(2)","ROCKET BODY","LARGE","3.00"
"1407387568","2026-03-27 11:35:57.000000","Y","2026-03-29T06:44:13.008000","2432","","21221","SL-12 R/B(2)","ROCKET BODY","LARGE","3.00","20024","COSMOS 2022 (GLONASS)","PAYLOAD","LARGE","5.00"
"1406793382","2026-03-27 05:13:07.000000","Y","2026-03-29T06:44:13.008000","2432","","20024","COSMOS 2022 (GLONASS)","PAYLOAD","LARGE","5.00","21221","SL-12 R/B(2)","ROCKET BODY","LARGE","3.00"
"1406673970","2026-03-27 04:08:10.000000","Y","2026-03-29T06:44:13.008000","2432","","21221","SL-12 R/B(2)","ROCKET BODY","LARGE","3.00","20024","COSMOS 2022 (GLONASS)","PAYLOAD","LARGE","5.00"
"1405934072","2026-03-26 22:16:38.000000","Y","2026-03-29T06:44:13.007000","2432","","20024","COSMOS 2022 (GLONASS)","PAYLOAD","LARGE","5.00","21221","SL-12 R/B(2)","ROCKET BODY","LARGE","3.00"
"1407988408","2026-03-27 20:38:22.000000","Y","2026-03-29T06:44:13.007000","2432","","21221","SL-12 R/B(2)","ROCKET BODY","LARGE","3.00","20024","COSMOS 2022 (GLONASS)","PAYLOAD","LARGE","5.00"
"1407988302","2026-03-27 20:38:21.000000","Y","2026-03-29T06:44:13.007000","2432","","20024","COSMOS 2022 (GLONASS)","PAYLOAD","LARGE","5.00","21221","SL-12 R/B(2)","ROCKET BODY","LARGE","3.00"
"1405414603","2026-03-26 11:23:54.000000","Y","2026-03-29T06:44:13.007000","2432","","20024","COSMOS 2022 (GLONASS)","PAYLOAD","LARGE","5.00","21221","SL-12 R/B(2)","ROCKET BODY","LARGE","3.00"
"1404988186","2026-03-26 05:26:04.000000","Y","2026-03-29T03:44:23.179000","39","0.0002564501","23106","PEGASUS R/B","ROCKET BODY","MEDIUM","3.00","55532","CZ-6A DEB","DEBRIS","SMALL","1.00"
"1404761303","2026-03-26 05:36:08.000000","Y","2026-03-29T03:44:23.179000","39","0.0002564501","55532","CZ-6A DEB","DEBRIS","SMALL","1.00","23106","PEGASUS R/B","ROCKET BODY","MEDIUM","3.00"
"1405047346","2026-03-26 06:39:22.000000","Y","2026-03-29T03:44:22.709000","136","0.00025826","55532","CZ-6A DEB","DEBRIS","SMALL","1.00","23106","PEGASUS R/B","ROCKET BODY","MEDIUM","3.00"
"1405437875","2026-03-26 12:33:05.000000","Y","2026-03-29T03:44:22.709000","136","0.0002582531","23106","PEGASUS R/B","ROCKET BODY","MEDIUM","3.00","55532","CZ-6A DEB","DEBRIS","SMALL","1.00"
"1405637564","2026-03-26 12:41:46.000000","Y","2026-03-29T03:44:22.709000","136","0.0002582531","55532","CZ-6A DEB","DEBRIS","SMALL","1.00","23106","PEGASUS R/B","ROCKET BODY","MEDIUM","3.00"
"1407594331","2026-03-27 12:44:19.000000","Y","2026-03-29T03:44:22.368000","258","0.0001277399","55532","CZ-6A DEB","DEBRIS","SMALL","1.00","23106","PEGASUS R/B","ROCKET BODY","MEDIUM","3.00"
"1407503266","2026-03-27 12:35:45.000000","Y","2026-03-29T03:44:22.368000","258","0.0001277399","23106","PEGASUS R/B","ROCKET BODY","MEDIUM","3.00","55532","CZ-6A DEB","DEBRIS","SMALL","1.00"
"1406873445","2026-03-27 05:35:06.000000","Y","2026-03-29T03:44:21.308000","332","0.0001062964","23106","PEGASUS R/B","ROCKET BODY","MEDIUM","3.00","55532","CZ-6A DEB","DEBRIS","SMALL","1.00"
"1406928509","2026-03-27 05:44:23.000000","Y","2026-03-29T03:44:21.308000","332","0.0001062964","55532","CZ-6A DEB","DEBRIS","SMALL","1.00","23106","PEGASUS R/B","ROCKET BODY","MEDIUM","3.00"
"1407080304","2026-03-27 06:13:32.000000","Y","2026-03-29T03:44:21.308000","332","0.0001062963","55532","CZ-6A DEB","DEBRIS","SMALL","1.00","23106","PEGASUS R/B","ROCKET BODY","MEDIUM","3.00"
"1406198034","2026-03-26 23:15:02.000000","Y","2026-03-29T03:44:21.133000","368","0.0001184865","23106","PEGASUS R/B","ROCKET BODY","MEDIUM","3.00","55532","CZ-6A DEB","DEBRIS","SMALL","1.00"
"1406270413","2026-03-26 23:23:52.000000","Y","2026-03-29T03:44:21.133000","368","0.0001184865","55532","CZ-6A DEB","DEBRIS","SMALL","1.00","23106","PEGASUS R/B","ROCKET BODY","MEDIUM","3.00"
"1405079669","2026-03-26 06:46:17.000000","Y","2026-03-29T01:36:32.919000","974","0.0001350973","61108","CZ-6A DEB","DEBRIS","SMALL","1.00","16953","SL-8 R/B","ROCKET BODY","LARGE","3.00"
"1404985039","2026-03-26 05:25:28.000000","Y","2026-03-29T01:36:32.919000","975","0.0001344692","16953","SL-8 R/B","ROCKET BODY","LARGE","3.00","61108","CZ-6A DEB","DEBRIS","SMALL","1.00"
"1404800290","2026-03-26 05:41:58.000000","Y","2026-03-29T01:36:32.919000","975","0.0001344692","61108","CZ-6A DEB","DEBRIS","SMALL","1.00","16953","SL-8 R/B","ROCKET BODY","LARGE","3.00"
"1405434805","2026-03-26 12:32:37.000000","Y","2026-03-29T01:36:32.866000","813","0.000211431","16953","SL-8 R/B","ROCKET BODY","LARGE","3.00","61108","CZ-6A DEB","DEBRIS","SMALL","1.00"
"1407160767","2026-03-27 06:04:49.000000","Y","2026-03-29T01:36:32.759000","510","0.0003547002","16953","SL-8 R/B","ROCKET BODY","LARGE","3.00","61108","CZ-6A DEB","DEBRIS","SMALL","1.00"
"1406990668","2026-03-27 05:49:41.000000","Y","2026-03-29T01:36:32.759000","510","0.0003546928","61108","CZ-6A DEB","DEBRIS","SMALL","1.00","16953","SL-8 R/B","ROCKET BODY","LARGE","3.00"
"1406870439","2026-03-27 05:34:33.000000","Y","2026-03-29T01:36:32.759000","510","0.0003546928","16953","SL-8 R/B","ROCKET BODY","LARGE","3.00","61108","CZ-6A DEB","DEBRIS","SMALL","1.00"
"1407012892","2026-03-27 06:17:52.000000","Y","2026-03-29T01:36:32.759000","510","0.0003547002","61108","CZ-6A DEB","DEBRIS","SMALL","1.00","16953","SL-8 R/B","ROCKET BODY","LARGE","3.00"
"1406194965","2026-03-26 23:14:36.000000","Y","2026-03-29T01:36:32.733000","409","0.0002515352","16953","SL-8 R/B","ROCKET BODY","LARGE","3.00","61108","CZ-6A DEB","DEBRIS","SMALL","1.00"
"1406352822","2026-03-26 23:28:18.000000","Y","2026-03-29T01:36:32.733000","409","0.0002515352","61108","CZ-6A DEB","DEBRIS","SMALL","1.00","16953","SL-8 R/B","ROCKET BODY","LARGE","3.00"
"1407497826","2026-03-27 12:34:56.000000","Y","2026-03-28T22:17:46.942000","383","0.0001159849","12217","DELTA 1 DEB","DEBRIS","SMALL","1.00","37108","COSMOS 2251 DEB","DEBRIS","SMALL","1.00"
"1407522593","2026-03-27 12:39:21.000000","Y","2026-03-28T22:17:46.942000","383","0.0001159849","37108","COSMOS 2251 DEB","DEBRIS","SMALL","1.00","12217","DELTA 1 DEB","DEBRIS","SMALL","1.00"
"1409376993","2026-03-28 12:41:45.000000","Y","2026-03-28T22:05:28.479000","341","0.0001629604","60770","CZ-6A DEB","DEBRIS","SMALL","1.00","31540","FENGYUN 1C DEB","DEBRIS","SMALL","1.00"
"1409342125","2026-03-28 12:30:16.000000","Y","2026-03-28T22:05:28.479000","341","0.0001629604","31540","FENGYUN 1C DEB","DEBRIS","SMALL","1.00","60770","CZ-6A DEB","DEBRIS","SMALL","1.00"
"1408128043","2026-03-27 22:02:31.000000","Y","2026-03-28T21:54:51.229000","50","0.0002271771","57541","METEOR 1-17 DEB","DEBRIS","SMALL","1.00","31262","FENGYUN 1C DEB","DEBRIS","SMALL","1.00"
"1408962537","2026-03-28 06:01:12.000000","Y","2026-03-28T21:54:51.200000","51","0.0002319607","57541","METEOR 1-17 DEB","DEBRIS","SMALL","1.00","31262","FENGYUN 1C DEB","DEBRIS","SMALL","1.00"
"1408862978","2026-03-28 05:52:19.000000","Y","2026-03-28T21:54:51.200000","51","0.0002319607","31262","FENGYUN 1C DEB","DEBRIS","SMALL","1.00","57541","METEOR 1-17 DEB","DEBRIS","SMALL","1.00"
"1405005383","2026-03-26 05:27:25.000000","Y","2026-03-28T19:50:53.092000","806","0.0002078107","30392","FENGYUN 1C DEB","DEBRIS","SMALL","1.00","82617","UNKNOWN","UNKNOWN","SMALL","3.00"
"1405464762","2026-03-26 12:34:28.000000","Y","2026-03-28T19:50:53.047000","524","0.0003975845","30392","FENGYUN 1C DEB","DEBRIS","SMALL","1.00","82617","UNKNOWN","UNKNOWN","SMALL","3.00"
"1408860740","2026-03-28 05:52:01.000000","Y","2026-03-28T19:50:53.029000","71","0.002316286","30392","FENGYUN 1C DEB","DEBRIS","SMALL","1.00","82617","UNKNOWN","UNKNOWN","SMALL","3.00"
"1409338941","2026-03-28 12:29:46.000000","Y","2026-03-28T19:50:53.011000","13","0.00466299","30392","FENGYUN 1C DEB","DEBRIS","SMALL","1.00","82617","UNKNOWN","UNKNOWN","SMALL","3.00"
"1407510270","2026-03-27 12:36:57.000000","Y","2026-03-28T19:50:53.011000","337","0.0006942765","30392","FENGYUN 1C DEB","DEBRIS","SMALL","1.00","82617","UNKNOWN","UNKNOWN","SMALL","3.00"
"1406205144","2026-03-26 23:16:15.000000","Y","2026-03-28T19:50:52.976000","331","0.0004885311","30392","FENGYUN 1C DEB","DEBRIS","SMALL","1.00","82617","UNKNOWN","UNKNOWN","SMALL","3.00"
"1406880363","2026-03-27 05:36:22.000000","Y","2026-03-28T19:50:52.969000","234","0.0006678562","30392","FENGYUN 1C DEB","DEBRIS","SMALL","1.00","82617","UNKNOWN","UNKNOWN","SMALL","3.00"
"1407494820","2026-03-27 12:34:32.000000","Y","2026-03-28T18:42:36.988000","253","0.0001578308","2422","THOR BURNER 2 R/B","ROCKET BODY","LARGE","3.00","61314","CZ-6A DEB","DEBRIS","SMALL","1.00"
"1408835778","2026-03-28 05:49:46.000000","Y","2026-03-28T18:42:36.954000","154","0.001140889","2422","THOR BURNER 2 R/B","ROCKET BODY","LARGE","3.00","61314","CZ-6A DEB","DEBRIS","SMALL","1.00"
"1408926550","2026-03-28 06:04:52.000000","Y","2026-03-28T18:42:36.954000","154","0.001140889","61314","CZ-6A DEB","DEBRIS","SMALL","1.00","2422","THOR BURNER 2 R/B","ROCKET BODY","LARGE","3.00"
"1408054225","2026-03-27 21:50:07.000000","Y","2026-03-28T18:42:36.950000","262","0.0007128414","2422","THOR BURNER 2 R/B","ROCKET BODY","LARGE","3.00","61314","CZ-6A DEB","DEBRIS","SMALL","1.00"
"1408152929","2026-03-27 22:06:04.000000","Y","2026-03-28T18:42:36.950000","262","0.0007128414","61314","CZ-6A DEB","DEBRIS","SMALL","1.00","2422","THOR BURNER 2 R/B","ROCKET BODY","LARGE","3.00"
"1409324207","2026-03-28 12:27:12.000000","Y","2026-03-28T18:42:36.920000","469","0.0007351737","2422","THOR BURNER 2 R/B","ROCKET BODY","LARGE","3.00","61314","CZ-6A DEB","DEBRIS","SMALL","1.00"
"1409379588","2026-03-28 12:42:07.000000","Y","2026-03-28T18:42:36.920000","469","0.0007351737","61314","CZ-6A DEB","DEBRIS","SMALL","1.00","2422","THOR BURNER 2 R/B","ROCKET BODY","LARGE","3.00"
"1405414458","2026-03-26 11:23:53.000000","Y","2026-03-28T16:16:20.024000","4654","","16398","COSMOS 1712 (GLONASS)","PAYLOAD","MEDIUM","5.00","23735","COSMOS 2324 (GLONASS)","PAYLOAD","LARGE","5.00"
"1404225119","2026-03-25 23:06:50.000000","Y","2026-03-28T16:16:20.024000","4654","","23735","COSMOS 2324 (GLONASS)","PAYLOAD","LARGE","5.00","16398","COSMOS 1712 (GLONASS)","PAYLOAD","MEDIUM","5.00"
"1407387319","2026-03-27 11:35:52.000000","Y","2026-03-28T16:16:20.024000","4654","","16398","COSMOS 1712 (GLONASS)","PAYLOAD","MEDIUM","5.00","23735","COSMOS 2324 (GLONASS)","PAYLOAD","LARGE","5.00"
"1407387938","2026-03-27 11:35:59.000000","Y","2026-03-28T16:16:20.024000","4654","","23735","COSMOS 2324 (GLONASS)","PAYLOAD","LARGE","5.00","16398","COSMOS 1712 (GLONASS)","PAYLOAD","MEDIUM","5.00"
"1404677759","2026-03-26 04:26:08.000000","Y","2026-03-28T16:16:20.024000","4654","","16398","COSMOS 1712 (GLONASS)","PAYLOAD","MEDIUM","5.00","23735","COSMOS 2324 (GLONASS)","PAYLOAD","LARGE","5.00"
"1404710103","2026-03-26 05:16:50.000000","Y","2026-03-28T16:16:20.024000","4654","","23735","COSMOS 2324 (GLONASS)","PAYLOAD","LARGE","5.00","16398","COSMOS 1712 (GLONASS)","PAYLOAD","MEDIUM","5.00"
"1404709453","2026-03-26 05:16:44.000000","Y","2026-03-28T16:16:20.024000","4654","","16398","COSMOS 1712 (GLONASS)","PAYLOAD","MEDIUM","5.00","23735","COSMOS 2324 (GLONASS)","PAYLOAD","LARGE","5.00"
"1404224552","2026-03-25 23:06:45.000000","Y","2026-03-28T16:16:20.024000","4654","","16398","COSMOS 1712 (GLONASS)","PAYLOAD","MEDIUM","5.00","23735","COSMOS 2324 (GLONASS)","PAYLOAD","LARGE","5.00"
"1406673681","2026-03-27 04:08:07.000000","Y","2026-03-28T16:16:20.024000","4654","","16398","COSMOS 1712 (GLONASS)","PAYLOAD","MEDIUM","5.00","23735","COSMOS 2324 (GLONASS)","PAYLOAD","LARGE","5.00"
"1406674385","2026-03-27 04:08:15.000000","Y","2026-03-28T16:16:20.024000","4654","","23735","COSMOS 2324 (GLONASS)","PAYLOAD","LARGE","5.00","16398","COSMOS 1712 (GLONASS)","PAYLOAD","MEDIUM","5.00"
"1404678463","2026-03-26 04:26:14.000000","Y","2026-03-28T16:16:20.024000","4654","","23735","COSMOS 2324 (GLONASS)","PAYLOAD","LARGE","5.00","16398","COSMOS 1712 (GLONASS)","PAYLOAD","MEDIUM","5.00"
"1406793926","2026-03-27 05:13:14.000000","Y","2026-03-28T16:16:20.024000","4654","","23735","COSMOS 2324 (GLONASS)","PAYLOAD","LARGE","5.00","16398","COSMOS 1712 (GLONASS)","PAYLOAD","MEDIUM","5.00"
"1405934483","2026-03-26 22:16:41.000000","Y","2026-03-28T16:16:20.024000","4654","","23735","COSMOS 2324 (GLONASS)","PAYLOAD","LARGE","5.00","16398","COSMOS 1712 (GLONASS)","PAYLOAD","MEDIUM","5.00"
"1406793230","2026-03-27 05:13:02.000000","Y","2026-03-28T16:16:20.024000","4654","","16398","COSMOS 1712 (GLONASS)","PAYLOAD","MEDIUM","5.00","23735","COSMOS 2324 (GLONASS)","PAYLOAD","LARGE","5.00"
"1405933944","2026-03-26 22:16:37.000000","Y","2026-03-28T16:16:20.024000","4654","","16398","COSMOS 1712 (GLONASS)","PAYLOAD","MEDIUM","5.00","23735","COSMOS 2324 (GLONASS)","PAYLOAD","LARGE","5.00"
"1405415064","2026-03-26 11:23:59.000000","Y","2026-03-28T16:16:20.024000","4654","","23735","COSMOS 2324 (GLONASS)","PAYLOAD","LARGE","5.00","16398","COSMOS 1712 (GLONASS)","PAYLOAD","MEDIUM","5.00"
"1407988162","2026-03-27 20:38:20.000000","Y","2026-03-28T16:16:20.010000","4448","","16398","COSMOS 1712 (GLONASS)","PAYLOAD","MEDIUM","5.00","23735","COSMOS 2324 (GLONASS)","PAYLOAD","LARGE","5.00"
"1407988766","2026-03-27 20:38:25.000000","Y","2026-03-28T16:16:20.010000","4448","","23735","COSMOS 2324 (GLONASS)","PAYLOAD","LARGE","5.00","16398","COSMOS 1712 (GLONASS)","PAYLOAD","MEDIUM","5.00"
"1407531860","2026-03-27 12:40:34.000000","Y","2026-03-28T13:11:02.434000","716","0.0002076228","41244","NOAA 16 DEB","DEBRIS","SMALL","1.00","23561","ARIANE 40+ R/B","ROCKET BODY","LARGE","3.00"
"1407503514","2026-03-27 12:35:48.000000","Y","2026-03-28T13:11:02.434000","716","0.0002076228","23561","ARIANE 40+ R/B","ROCKET BODY","LARGE","3.00","41244","NOAA 16 DEB","DEBRIS","SMALL","1.00"
"1408063145","2026-03-27 21:51:25.000000","Y","2026-03-28T13:11:02.432000","584","0.0002886084","23561","ARIANE 40+ R/B","ROCKET BODY","LARGE","3.00","41244","NOAA 16 DEB","DEBRIS","SMALL","1.00"
"1408091844","2026-03-27 21:55:59.000000","Y","2026-03-28T13:11:02.432000","584","0.0002886084","41244","NOAA 16 DEB","DEBRIS","SMALL","1.00","23561","ARIANE 40+ R/B","ROCKET BODY","LARGE","3.00"
"1406900901","2026-03-27 05:39:49.000000","Y","2026-03-28T13:11:02.356000","151","0.0002349081","41244","NOAA 16 DEB","DEBRIS","SMALL","1.00","23561","ARIANE 40+ R/B","ROCKET BODY","LARGE","3.00"
"1406873681","2026-03-27 05:35:09.000000","Y","2026-03-28T13:11:02.356000","151","0.0002349081","23561","ARIANE 40+ R/B","ROCKET BODY","LARGE","3.00","41244","NOAA 16 DEB","DEBRIS","SMALL","1.00"
"1406243094","2026-03-26 23:19:36.000000","Y","2026-03-28T13:11:02.355000","159","0.0002256089","41244","NOAA 16 DEB","DEBRIS","SMALL","1.00","23561","ARIANE 40+ R/B","ROCKET BODY","LARGE","3.00"
"1406198294","2026-03-26 23:15:06.000000","Y","2026-03-28T13:11:02.355000","159","0.0002256089","23561","ARIANE 40+ R/B","ROCKET BODY","LARGE","3.00","41244","NOAA 16 DEB","DEBRIS","SMALL","1.00"
"1404710604","2026-03-26 05:16:55.000000","Y","2026-03-28T10:24:15.887000","3891","","27593","ARIANE 2 DEB","DEBRIS","LARGE","1.00","29026","ARIANE 44L+ DEB","DEBRIS","MEDIUM","1.00"
"1404710899","2026-03-26 05:16:58.000000","Y","2026-03-28T10:24:15.887000","3891","","29026","ARIANE 44L+ DEB","DEBRIS","MEDIUM","1.00","27593","ARIANE 2 DEB","DEBRIS","LARGE","1.00"
"1404679002","2026-03-26 04:26:22.000000","Y","2026-03-28T10:24:15.880000","3913","","27593","ARIANE 2 DEB","DEBRIS","LARGE","1.00","29026","ARIANE 44L+ DEB","DEBRIS","MEDIUM","1.00"
"1404679349","2026-03-26 04:26:24.000000","Y","2026-03-28T10:24:15.880000","3913","","29026","ARIANE 44L+ DEB","DEBRIS","MEDIUM","1.00","27593","ARIANE 2 DEB","DEBRIS","LARGE","1.00"
"1404225541","2026-03-25 23:06:52.000000","Y","2026-03-28T10:24:15.850000","3844","","27593","ARIANE 2 DEB","DEBRIS","LARGE","1.00","29026","ARIANE 44L+ DEB","DEBRIS","MEDIUM","1.00"
"1404225789","2026-03-25 23:06:53.000000","Y","2026-03-28T10:24:15.850000","3844","","29026","ARIANE 44L+ DEB","DEBRIS","MEDIUM","1.00","27593","ARIANE 2 DEB","DEBRIS","LARGE","1.00"
"1403416530","2026-03-25 11:40:52.000000","Y","2026-03-28T10:24:15.814000","3934","","29026","ARIANE 44L+ DEB","DEBRIS","MEDIUM","1.00","27593","ARIANE 2 DEB","DEBRIS","LARGE","1.00"
"1403416268","2026-03-25 11:40:48.000000","Y","2026-03-28T10:24:15.814000","3934","","27593","ARIANE 2 DEB","DEBRIS","LARGE","1.00","29026","ARIANE 44L+ DEB","DEBRIS","MEDIUM","1.00"
"1407388415","2026-03-27 11:36:02.000000","Y","2026-03-28T10:24:15.808000","4190","","27593","ARIANE 2 DEB","DEBRIS","LARGE","1.00","29026","ARIANE 44L+ DEB","DEBRIS","MEDIUM","1.00"
"1407388720","2026-03-27 11:36:06.000000","Y","2026-03-28T10:24:15.808000","4190","","29026","ARIANE 44L+ DEB","DEBRIS","MEDIUM","1.00","27593","ARIANE 2 DEB","DEBRIS","LARGE","1.00"
"1406794786","2026-03-27 05:13:28.000000","Y","2026-03-28T10:24:15.790000","4267","","29026","ARIANE 44L+ DEB","DEBRIS","MEDIUM","1.00","27593","ARIANE 2 DEB","DEBRIS","LARGE","1.00"
"1406794477","2026-03-27 05:13:20.000000","Y","2026-03-28T10:24:15.790000","4267","","27593","ARIANE 2 DEB","DEBRIS","LARGE","1.00","29026","ARIANE 44L+ DEB","DEBRIS","MEDIUM","1.00"
"1406675298","2026-03-27 04:08:23.000000","Y","2026-03-28T10:24:15.790000","4267","","29026","ARIANE 44L+ DEB","DEBRIS","MEDIUM","1.00","27593","ARIANE 2 DEB","DEBRIS","LARGE","1.00"
"1406674944","2026-03-27 04:08:23.000000","Y","2026-03-28T10:24:15.790000","4267","","27593","ARIANE 2 DEB","DEBRIS","LARGE","1.00","29026","ARIANE 44L+ DEB","DEBRIS","MEDIUM","1.00"
"1408720799","2026-03-28 04:21:23.000000","Y","2026-03-28T10:24:15.535000","3543","","29026","ARIANE 44L+ DEB","DEBRIS","MEDIUM","1.00","27593","ARIANE 2 DEB","DEBRIS","LARGE","1.00"
"1408720445","2026-03-28 04:21:19.000000","Y","2026-03-28T10:24:15.535000","3543","","27593","ARIANE 2 DEB","DEBRIS","LARGE","1.00","29026","ARIANE 44L+ DEB","DEBRIS","MEDIUM","1.00"
"1407989485","2026-03-27 20:38:31.000000","Y","2026-03-28T10:24:15.531000","3551","","29026","ARIANE 44L+ DEB","DEBRIS","MEDIUM","1.00","27593","ARIANE 2 DEB","DEBRIS","LARGE","1.00"
"1407989198","2026-03-27 20:38:29.000000","Y","2026-03-28T10:24:15.531000","3551","","27593","ARIANE 2 DEB","DEBRIS","LARGE","1.00","29026","ARIANE 44L+ DEB","DEBRIS","MEDIUM","1.00"
"1405006555","2026-03-26 05:27:37.000000","Y","2026-03-28T08:04:59.221000","161","0.0001209289","30822","FENGYUN 1C DEB","DEBRIS","SMALL","1.00","4419","METEOR 1-5","PAYLOAD","LARGE","5.00"
"1404329162","2026-03-26 00:01:42.000000","Y","2026-03-28T08:04:59.219000","164","0.0001075145","4419","METEOR 1-5","PAYLOAD","LARGE","5.00","30822","FENGYUN 1C DEB","DEBRIS","SMALL","1.00"
"1404345303","2026-03-26 00:03:56.000000","Y","2026-03-28T08:04:59.219000","164","0.0001075145","30822","FENGYUN 1C DEB","DEBRIS","SMALL","1.00","4419","METEOR 1-5","PAYLOAD","LARGE","5.00"
"1403491524","2026-03-25 12:38:44.000000","Y","2026-03-28T08:04:59.214000","149","0.0008395707","4419","METEOR 1-5","PAYLOAD","LARGE","5.00","30822","FENGYUN 1C DEB","DEBRIS","SMALL","1.00"
"1403507113","2026-03-25 12:41:02.000000","Y","2026-03-28T08:04:59.214000","149","0.0008395707","30822","FENGYUN 1C DEB","DEBRIS","SMALL","1.00","4419","METEOR 1-5","PAYLOAD","LARGE","5.00"
"1403506821","2026-03-25 12:41:00.000000","Y","2026-03-28T08:00:07.221000","609","0.0001327501","30718","FENGYUN 1C DEB","DEBRIS","SMALL","1.00","6392","METEOR 1-14","PAYLOAD","LARGE","5.00"
"1403492489","2026-03-25 12:38:49.000000","Y","2026-03-28T08:00:07.221000","609","0.0001327501","6392","METEOR 1-14","PAYLOAD","LARGE","5.00","30718","FENGYUN 1C DEB","DEBRIS","SMALL","1.00"
"1403528456","2026-03-25 12:44:16.000000","Y","2026-03-28T07:42:39.468000","81","0.00017653","42259","DMSP 5D-2 F13 DEB","DEBRIS","SMALL","1.00","17303","COSMOS 1814","PAYLOAD","LARGE","5.00"
"1403496017","2026-03-25 12:39:23.000000","Y","2026-03-28T07:42:39.468000","81","0.00017653","17303","COSMOS 1814","PAYLOAD","LARGE","5.00","42259","DMSP 5D-2 F13 DEB","DEBRIS","SMALL","1.00"
"1406193312","2026-03-26 23:14:15.000000","Y","2026-03-28T06:59:08.156000","958","0.000396989","13241","COSMOS 1371","PAYLOAD","LARGE","5.00","43415","DMSP 5D-3 F19 DEB","DEBRIS","SMALL","1.00"
"1406248559","2026-03-26 23:20:30.000000","Y","2026-03-28T06:59:08.156000","958","0.000396989","43415","DMSP 5D-3 F19 DEB","DEBRIS","SMALL","1.00","13241","COSMOS 1371","PAYLOAD","LARGE","5.00"
