NORAD_CAT_ID,OBJECT_NUMBER,OBJECT_NAME,INTLDES,OBJECT_ID,RCS,RCS_SIZE,COUNTRY,MSG_EPOCH,DECAY_EPOCH,SOURCE,MSG_TYPE,PRECEDENCE
"66907","66907","OBJECT XT","1998-067XT","1998-067XT","0","","US","2026-03-25 19:48:12","2026-05-25 0:00:00","60day_msg","Prediction","4"
"61156","61156","CZ-6A DEB","2024-140RA","2024-140RA","0","SMALL","PRC","2026-03-25 19:48:12","2026-05-24 0:00:00","60day_msg","Prediction","4"
"43805","43805","OBJECT AZ","2018-099AZ","2018-099AZ","0","SMALL","TBD","2026-03-25 19:48:12","2026-05-24 0:00:00","60day_msg","Prediction","4"
"66908","66908","OBJECT XU","1998-067XU","1998-067XU","0","","US","2026-03-25 19:48:12","2026-05-22 0:00:00","60day_msg","Prediction","4"
"46558","46558","STARLINK-1680","2020-070AC","2020-070AC","0","LARGE","US","2026-03-25 19:48:12","2026-05-21 0:00:00","60day_msg","Prediction","4"
"46119","46119","STARLINK-1593","2020-057C","2020-057C","0","LARGE","US","2026-03-25 19:48:12","2026-05-20 0:00:00","60day_msg","Prediction","4"
"45057","45057","STARLINK-1159","2020-006P","2020-006P","0","LARGE","US","2026-03-25 19:48:12","2026-05-20 0:00:00","60day_msg","Prediction","4"
"15331","15331","COSMOS 1602","1984-105A","1984-105A","0","LARGE","CIS","2026-03-25 19:48:12","2026-05-19 0:00:00","60day_msg","Prediction","4"
"47404","47404","STARLINK-2128","2021-005BH","2021-005BH","0","LARGE","US","2026-03-18 19:42:04","2026-05-18 0:00:00","60day_msg","Prediction","4"
"46156","46156","STARLINK-1545","2020-057AR","2020-057AR","0","LARGE","US","2026-03-18 19:42:04","2026-05-18 0:00:00","60day_msg","Prediction","4"
"46687","46687","STARLINK-1784","2020-073T","2020-073T","0","LARGE","US","2026-03-18 19:42:04","2026-05-17 0:00:00","60day_msg","Prediction","4"
"41076","41076","NOAA 16 DEB","2000-055AK","2000-055AK","0","SMALL","US","2026-03-25 19:48:12","2026-05-17 0:00:00","60day_msg","Prediction","4"
"46340","46340","STARLINK-1759","2020-062R","2020-062R","0","LARGE","US","2026-03-18 19:42:04","2026-05-17 0:00:00","60day_msg","Prediction","4"
"34859","34859","COSMOS 2251 DEB","1993-036ACD","1993-036ACD","0","SMALL","CIS","2026-03-25 19:48:12","2026-05-16 0:00:00","60day_msg","Prediction","4"
"59322","59322","STARLINK-31530","2024-057C","2024-057C","0","LARGE","US","2026-03-18 19:42:04","2026-05-16 0:00:00","60day_msg","Prediction","4"
"60523","60523","PTD-R (TYVAK-0127)","2024-149BH","2024-149BH","0","MEDIUM","US","2026-03-18 19:42:04","2026-05-16 0:00:00","60day_msg","Prediction","4"
"51657","51657","INSPIRESAT-1","2022-013B","2022-013B","0","SMALL","IND","2026-03-25 19:48:12","2026-05-16 0:00:00","60day_msg","Prediction","4"
"67718","67718","CZ-2F DEB","2026-024E","2026-024E","0","","PRC","2026-03-18 19:42:04","2026-05-16 0:00:00","60day_msg","Prediction","4"
"46699","46699","STARLINK-1799","2020-073AF","2020-073AF","0","LARGE","US","2026-03-25 19:48:12","2026-05-15 0:00:00","60day_msg","Prediction","4"
"66910","66910","OBJECT XW","1998-067XW","1998-067XW","0","","US","2026-03-18 19:42:04","2026-05-15 0:00:00","60day_msg","Prediction","4"
"44724","44724","STARLINK-1019","2019-074M","2019-074M","0","LARGE","US","2026-03-18 19:42:04","2026-05-15 0:00:00","60day_msg","Prediction","4"
"60557","60557","TROOP-F2","2024-149CT","2024-149CT","0","MEDIUM","US","2026-03-18 19:42:04","2026-05-15 0:00:00","60day_msg","Prediction","4"
"47563","47563","STARLINK-1962","2021-009R","2021-009R","0","LARGE","US","2026-03-18 19:42:04","2026-05-14 0:00:00","60day_msg","Prediction","4"
"60938","60938","STARLINK-32262","2024-155Q","2024-155Q","0","LARGE","US","2026-03-25 19:48:12","2026-05-14 0:00:00","60day_msg","Prediction","4"
"47573","47573","STARLINK-1975","2021-009AB","2021-009AB","0","LARGE","US","2026-03-25 19:48:12","2026-05-14 0:00:00","60day_msg","Prediction","4"
"46565","46565","STARLINK-1735","2020-070AK","2020-070AK","0","LARGE","US","2026-03-18 19:42:04","2026-05-14 0:00:00","60day_msg","Prediction","4"
"63002","63002","OBJECT DM","2025-009DM","2025-009DM","0","SMALL","TBD","2026-03-25 19:48:12","2026-05-13 0:00:00","60day_msg","Prediction","4"
"46780","46780","STARLINK-1832","2020-074AT","2020-074AT","0","LARGE","US","2026-03-25 19:48:12","2026-05-13 0:00:00","60day_msg","Prediction","4"
"46691","46691","STARLINK-1790","2020-073X","2020-073X","0","LARGE","US","2026-03-18 19:42:04","2026-05-13 0:00:00","60day_msg","Prediction","4"
"53044","53044","STARLINK-4349","2022-077B","2022-077B","0","LARGE","US","2026-03-25 19:48:12","2026-05-12 0:00:00","60day_msg","Prediction","4"
"34464","34464","COSMOS 2251 DEB","1993-036TH","1993-036TH","0","SMALL","CIS","2026-03-25 19:48:12","2026-05-12 0:00:00","60day_msg","Prediction","4"
"46356","46356","STARLINK-1665","2020-062AH","2020-062AH","0","LARGE","US","2026-03-11 20:03:35","2026-05-11 0:00:00","60day_msg","Prediction","4"
"44772","44772","STARLINK-1068","2019-074BM","2019-074BM","0","LARGE","US","2026-03-11 20:03:35","2026-05-11 0:00:00","60day_msg","Prediction","4"
"46352","46352","STARLINK-1653","2020-062AD","2020-062AD","0","LARGE","US","2026-03-11 20:03:35","2026-05-11 0:00:00","60day_msg","Prediction","4"
"46689","46689","STARLINK-1788","2020-073V","2020-073V","0","LARGE","US","2026-03-11 20:03:35","2026-05-10 0:00:00","60day_msg","Prediction","4"
"46335","46335","STARLINK-1727","2020-062L","2020-062L","0","LARGE","US","2026-03-11 20:03:35","2026-05-10 0:00:00","60day_msg","Prediction","4"
"56933","56933","OTTER PUP","2023-084B","2023-084B","0","MEDIUM","US","2026-03-25 19:48:12","2026-05-10 0:00:00","60day_msg","Prediction","4"
"26661","26661","CZ-4 DEB","1999-057LT","1999-057LT","0","SMALL","PRC","2026-03-25 19:48:12","2026-05-10 0:00:00","60day_msg","Prediction","4"
"46156","46156","STARLINK-1545","2020-057AR","2020-057AR","0","LARGE","US","2026-03-11 20:03:35","2026-05-10 0:00:00","60day_msg","Prediction","4"
"47624","47624","STARLINK-1669","2021-012E","2021-012E","0","LARGE","US","2026-03-25 19:48:12","2026-05-10 0:00:00","60day_msg","Prediction","4"
"39266","39266","CUSAT 1","2013-055B","2013-055B","0","MEDIUM","US","2026-03-11 20:03:35","2026-05-09 0:00:00","60day_msg","Prediction","4"
"46130","46130","STARLINK-1624","2020-057P","2020-057P","0","LARGE","US","2026-03-11 20:03:35","2026-05-09 0:00:00","60day_msg","Prediction","4"
"46701","46701","STARLINK-1801","2020-073AH","2020-073AH","0","LARGE","US","2026-03-11 20:03:35","2026-05-09 0:00:00","60day_msg","Prediction","4"
"66908","66908","OBJECT XU","1998-067XU","1998-067XU","0","","US","2026-03-18 19:42:04","2026-05-08 0:00:00","60day_msg","Prediction","4"
"46340","46340","STARLINK-1759","2020-062R","2020-062R","0","LARGE","US","2026-03-11 20:03:35","2026-05-08 0:00:00","60day_msg","Prediction","4"
"47404","47404","STARLINK-2128","2021-005BH","2021-005BH","0","LARGE","US","2026-03-11 20:03:35","2026-05-08 0:00:00","60day_msg","Prediction","4"
"46749","46749","STARLINK-1911","2020-074L","2020-074L","0","LARGE","US","2026-03-11 20:03:35","2026-05-08 0:00:00","60day_msg","Prediction","4"
"46715","46715","STARLINK-1817","2020-073AX","2020-073AX","0","LARGE","US","2026-03-11 20:03:35","2026-05-08 0:00:00","60day_msg","Prediction","4"
"62693","62693","OBJECT CN","2025-009CN","2025-009CN","0","SMALL","TBD","2026-03-18 19:42:04","2026-05-08 0:00:00","60day_msg","Prediction","4"
"66907","66907","OBJECT XT","1998-067XT","1998-067XT","0","","US","2026-03-18 19:42:04","2026-05-08 0:00:00","60day_msg","Prediction","4"
"45179","45179","STARLINK-1143","2020-012B","2020-012B","0","LARGE","US","2026-03-18 19:42:04","2026-05-08 0:00:00","60day_msg","Prediction","4"
"43805","43805","OBJECT AZ","2018-099AZ","2018-099AZ","0","SMALL","TBD","2026-03-18 19:42:04","2026-05-08 0:00:00","60day_msg","Prediction","4"
"45057","45057","STARLINK-1159","2020-006P","2020-006P","0","LARGE","US","2026-03-18 19:42:04","2026-05-07 0:00:00","60day_msg","Prediction","4"
"15331","15331","COSMOS 1602","1984-105A","1984-105A","0","LARGE","CIS","2026-03-18 19:42:04","2026-05-07 0:00:00","60day_msg","Prediction","4"
"45190","45190","STARLINK-1234","2020-012N","2020-012N","0","LARGE","US","2026-03-11 20:03:35","2026-05-07 0:00:00","60day_msg","Prediction","4"
"46326","46326","STARLINK-1654","2020-062B","2020-062B","0","LARGE","US","2026-03-11 20:03:35","2026-05-07 0:00:00","60day_msg","Prediction","4"
"46559","46559","STARLINK-1681","2020-070AD","2020-070AD","0","LARGE","US","2026-03-25 19:48:12","2026-05-06 0:00:00","60day_msg","Prediction","4"
"46558","46558","STARLINK-1680","2020-070AC","2020-070AC","0","LARGE","US","2026-03-18 19:42:04","2026-05-06 0:00:00","60day_msg","Prediction","4"
"44876","44876","ANGELS","2019-092D","2019-092D","0","MEDIUM","FR","2026-03-25 19:48:12","2026-05-06 0:00:00","60day_msg","Prediction","4"
"45674","45674","STARLINK-1457","2020-035T","2020-035T","0","LARGE","US","2026-03-11 20:03:35","2026-05-06 0:00:00","60day_msg","Prediction","4"
"63490","63490","HYDRA-W","2025-052BL","2025-052BL","0","SMALL","SPN","2026-03-25 19:48:12","2026-05-06 0:00:00","60day_msg","Prediction","4"
"46588","46588","STARLINK-1746","2020-070BJ","2020-070BJ","0","LARGE","US","2026-03-11 20:03:35","2026-05-05 0:00:00","60day_msg","Prediction","4"
"46681","46681","STARLINK-1775","2020-073M","2020-073M","0","LARGE","US","2026-03-25 19:48:12","2026-05-05 0:00:00","60day_msg","Prediction","4"
"46168","46168","STARLINK-1627","2020-057BD","2020-057BD","0","LARGE","US","2026-03-11 20:03:35","2026-05-05 0:00:00","60day_msg","Prediction","4"
"46557","46557","STARLINK-1679","2020-070AB","2020-070AB","0","LARGE","US","2026-03-11 20:03:35","2026-05-05 0:00:00","60day_msg","Prediction","4"
"64137","64137","STARLINK-34230","2025-111Q","2025-111Q","0","LARGE","US","2026-03-11 20:03:35","2026-05-05 0:00:00","60day_msg","Prediction","4"
"47161","47161","STARLINK-1876","2020-088AR","2020-088AR","0","LARGE","US","2026-03-11 20:03:35","2026-05-05 0:00:00","60day_msg","Prediction","4"
"46119","46119","STARLINK-1593","2020-057C","2020-057C","0","LARGE","US","2026-03-18 19:42:04","2026-05-05 0:00:00","60day_msg","Prediction","4"
"27126","27126","PSLV DEB","2001-049BW","2001-049BW","0","MEDIUM","IND","2026-03-25 19:48:12","2026-05-05 0:00:00","60day_msg","Prediction","4"
"60557","60557","TROOP-F2","2024-149CT","2024-149CT","0","MEDIUM","US","2026-03-11 20:03:35","2026-05-04 0:00:00","60day_msg","Prediction","4"
"51657","51657","INSPIRESAT-1","2022-013B","2022-013B","0","SMALL","IND","2026-03-18 19:42:04","2026-05-04 0:00:00","60day_msg","Prediction","4"
"30613","30613","FENGYUN 1C DEB","1999-025AMU","1999-025AMU","0","SMALL","PRC","2026-03-25 19:48:12","2026-05-04 0:00:00","60day_msg","Prediction","4"
"45674","45674","STARLINK-1457","2020-035T","2020-035T","0","LARGE","US","2026-03-04 20:53:13","2026-05-04 0:00:00","60day_msg","Prediction","4"
"63492","63492","HADES-ICM","2025-052BN","2025-052BN","0","SMALL","SPN","2026-03-11 20:03:35","2026-05-04 0:00:00","60day_msg","Prediction","4"
"54359","54359","CZ-6A DEB","2022-151DE","2022-151DE","0","SMALL","PRC","2026-03-18 19:42:04","2026-05-04 0:00:00","60day_msg","Prediction","4"
"46696","46696","STARLINK-1795","2020-073AC","2020-073AC","0","LARGE","US","2026-03-18 19:42:04","2026-05-04 0:00:00","60day_msg","Prediction","4"
"46588","46588","STARLINK-1746","2020-070BJ","2020-070BJ","0","LARGE","US","2026-03-04 20:53:13","2026-05-04 0:00:00","60day_msg","Prediction","4"
"46127","46127","STARLINK-1621","2020-057L","2020-057L","0","LARGE","US","2026-03-25 19:48:12","2026-05-04 0:00:00","60day_msg","Prediction","4"
"58598","58598","STARLINK-31079","2023-200K","2023-200K","0","LARGE","US","2026-03-11 20:03:35","2026-05-03 0:00:00","60day_msg","Prediction","4"
"46714","46714","STARLINK-1816","2020-073AW","2020-073AW","0","LARGE","US","2026-03-11 20:03:35","2026-05-03 0:00:00","60day_msg","Prediction","4"
"47568","47568","STARLINK-1967","2021-009W","2021-009W","0","LARGE","US","2026-03-11 20:03:35","2026-05-03 0:00:00","60day_msg","Prediction","4"
"46565","46565","STARLINK-1735","2020-070AK","2020-070AK","0","LARGE","US","2026-03-11 20:03:35","2026-05-03 0:00:00","60day_msg","Prediction","4"
"67718","67718","CZ-2F DEB","2026-024E","2026-024E","0","","PRC","2026-03-11 20:03:35","2026-05-03 0:00:00","60day_msg","Prediction","4"
"46714","46714","STARLINK-1816","2020-073AW","2020-073AW","0","LARGE","US","2026-03-04 20:53:13","2026-05-03 0:00:00","60day_msg","Prediction","4"
"46699","46699","STARLINK-1799","2020-073AF","2020-073AF","0","LARGE","US","2026-03-18 19:42:04","2026-05-03 0:00:00","60day_msg","Prediction","4"
"49408","49408","STARLINK-3151","2021-104A","2021-104A","0","LARGE","US","2026-03-25 19:48:12","2026-05-03 0:00:00","60day_msg","Prediction","4"
"47573","47573","STARLINK-1975","2021-009AB","2021-009AB","0","LARGE","US","2026-03-18 19:42:04","2026-05-03 0:00:00","60day_msg","Prediction","4"
"46572","46572","STARLINK-1531","2020-070AS","2020-070AS","0","LARGE","US","2026-03-11 20:03:35","2026-05-02 0:00:00","60day_msg","Prediction","4"
"46691","46691","STARLINK-1790","2020-073X","2020-073X","0","LARGE","US","2026-03-11 20:03:35","2026-05-02 0:00:00","60day_msg","Prediction","4"
"46792","46792","STARLINK-1934","2020-074BF","2020-074BF","0","LARGE","US","2026-03-25 19:48:12","2026-05-02 0:00:00","60day_msg","Prediction","4"
"66910","66910","OBJECT XW","1998-067XW","1998-067XW","0","","US","2026-03-11 20:03:35","2026-05-02 0:00:00","60day_msg","Prediction","4"
"66909","66909","SILVERSAT","1998-067XV","1998-067XV","0","","US","2026-03-25 19:48:12","2026-05-02 0:00:00","60day_msg","Prediction","4"
"61156","61156","CZ-6A DEB","2024-140RA","2024-140RA","0","SMALL","PRC","2026-03-18 19:42:04","2026-05-02 0:00:00","60day_msg","Prediction","4"
"60557","60557","TROOP-F2","2024-149CT","2024-149CT","0","MEDIUM","US","2026-03-04 20:53:13","2026-05-02 0:00:00","60day_msg","Prediction","4"
"53044","53044","STARLINK-4349","2022-077B","2022-077B","0","LARGE","US","2026-03-18 19:42:04","2026-05-02 0:00:00","60day_msg","Prediction","4"
"44724","44724","STARLINK-1019","2019-074M","2019-074M","0","LARGE","US","2026-03-11 20:03:35","2026-05-02 0:00:00","60day_msg","Prediction","4"
"47752","47752","STARLINK-2169","2021-017AG","2021-017AG","0","LARGE","US","2026-03-25 19:48:12","2026-05-01 0:00:00","60day_msg","Prediction","4"
"46567","46567","STARLINK-1741","2020-070AM","2020-070AM","0","LARGE","US","2026-03-11 20:03:35","2026-05-01 0:00:00","60day_msg","Prediction","4"
"46564","46564","STARLINK-1733","2020-070AJ","2020-070AJ","0","LARGE","US","2026-03-25 19:48:12","2026-05-01 0:00:00","60day_msg","Prediction","4"
"46780","46780","STARLINK-1832","2020-074AT","2020-074AT","0","LARGE","US","2026-03-18 19:42:04","2026-05-01 0:00:00","60day_msg","Prediction","4"
"44724","44724","STARLINK-1019","2019-074M","2019-074M","0","LARGE","US","2026-03-04 20:53:13","2026-05-01 0:00:00","60day_msg","Prediction","4"
"62038","62038","STARLINK-32477","2024-216G","2024-216G","0","LARGE","US","2026-03-11 20:03:35","2026-05-01 0:00:00","60day_msg","Prediction","4"
"46691","46691","STARLINK-1790","2020-073X","2020-073X","0","LARGE","US","2026-03-04 20:53:13","2026-05-01 0:00:00","60day_msg","Prediction","4"
"63492","63492","HADES-ICM","2025-052BN","2025-052BN","0","SMALL","SPN","2026-03-04 20:53:13","2026-05-01 0:00:00","60day_msg","Prediction","4"
"34886","34886","COSMOS 2251 DEB","1993-036ACZ","1993-036ACZ","0","SMALL","CIS","2026-03-25 19:48:12","2026-04-30 0:00:00","60day_msg","Prediction","4"
"46127","46127","STARLINK-1621","2020-057L","2020-057L","0","LARGE","US","2026-03-18 19:42:04","2026-04-30 0:00:00","60day_msg","Prediction","4"
"46796","46796","STARLINK-1944","2020-074BK","2020-074BK","0","LARGE","US","2026-03-04 20:53:13","2026-04-30 0:00:00","60day_msg","Prediction","4"
"46681","46681","STARLINK-1775","2020-073M","2020-073M","0","LARGE","US","2026-03-18 19:42:04","2026-04-30 0:00:00","60day_msg","Prediction","4"
"46784","46784","STARLINK-1882","2020-074AX","2020-074AX","0","LARGE","US","2026-03-04 20:53:13","2026-04-30 0:00:00","60day_msg","Prediction","4"
"66910","66910","OBJECT XW","1998-067XW","1998-067XW","0","","US","2026-03-04 20:53:13","2026-04-30 0:00:00","60day_msg","Prediction","4"
"46164","46164","STARLINK-1612","2020-057AZ","2020-057AZ","0","LARGE","US","2026-03-25 19:48:12","2026-04-29 0:00:00","60day_msg","Prediction","4"
"63002","63002","OBJECT DM","2025-009DM","2025-009DM","0","SMALL","TBD","2026-03-18 19:42:04","2026-04-29 0:00:00","60day_msg","Prediction","4"
"47679","47679","STARLINK-2095","2021-012BM","2021-012BM","0","LARGE","US","2026-03-25 19:48:12","2026-04-29 0:00:00","60day_msg","Prediction","4"
"59322","59322","STARLINK-31530","2024-057C","2024-057C","0","LARGE","US","2026-03-11 20:03:35","2026-04-29 0:00:00","60day_msg","Prediction","4"
"60523","60523","PTD-R (TYVAK-0127)","2024-149BH","2024-149BH","0","MEDIUM","US","2026-03-11 20:03:35","2026-04-29 0:00:00","60day_msg","Prediction","4"
"41076","41076","NOAA 16 DEB","2000-055AK","2000-055AK","0","SMALL","US","2026-03-18 19:42:04","2026-04-29 0:00:00","60day_msg","Prediction","4"
"44876","44876","ANGELS","2019-092D","2019-092D","0","MEDIUM","FR","2026-03-18 19:42:04","2026-04-28 0:00:00","60day_msg","Prediction","4"
"45057","45057","STARLINK-1159","2020-006P","2020-006P","0","LARGE","US","2026-03-11 20:03:35","2026-04-28 0:00:00","60day_msg","Prediction","4"
"15331","15331","COSMOS 1602","1984-105A","1984-105A","0","LARGE","CIS","2026-03-11 20:03:35","2026-04-28 0:00:00","60day_msg","Prediction","4"
"58277","58277","TIGER-5","2023-174X","2023-174X","0","MEDIUM","RWA","2026-03-25 19:48:12","2026-04-28 0:00:00","60day_msg","Prediction","4"
"34859","34859","COSMOS 2251 DEB","1993-036ACD","1993-036ACD","0","SMALL","CIS","2026-03-18 19:42:04","2026-04-27 0:00:00","60day_msg","Prediction","4"
"66907","66907","OBJECT XT","1998-067XT","1998-067XT","0","","US","2026-02-25 20:29:49","2026-04-27 0:00:00","60day_msg","Prediction","4"
"45057","45057","STARLINK-1159","2020-006P","2020-006P","0","LARGE","US","2026-03-04 20:53:13","2026-04-27 0:00:00","60day_msg","Prediction","4"
"59245","59245","STARLINK-31268","2024-049Q","2024-049Q","0","LARGE","US","2026-03-25 19:48:12","2026-04-27 0:00:00","60day_msg","Prediction","4"
"46557","46557","STARLINK-1679","2020-070AB","2020-070AB","0","LARGE","US","2026-02-25 20:29:49","2026-04-27 0:00:00","60day_msg","Prediction","4"
"54890","54890","CZ-6A DEB","2022-151QB","2022-151QB","0","SMALL","PRC","2026-03-25 19:48:12","2026-04-27 0:00:00","60day_msg","Prediction","4"
"46578","46578","STARLINK-1683","2020-070AY","2020-070AY","0","LARGE","US","2026-03-25 19:48:12","2026-04-27 0:00:00","60day_msg","Prediction","4"
"27126","27126","PSLV DEB","2001-049BW","2001-049BW","0","MEDIUM","IND","2026-02-25 20:29:49","2026-04-27 0:00:00","60day_msg","Prediction","4"
"34010","34010","COSMOS 2251 DEB","1993-036GV","1993-036GV","0","SMALL","CIS","2026-03-25 19:48:12","2026-04-26 0:00:00","60day_msg","Prediction","4"
"34464","34464","COSMOS 2251 DEB","1993-036TH","1993-036TH","0","SMALL","CIS","2026-03-18 19:42:04","2026-04-26 0:00:00","60day_msg","Prediction","4"
"30674","30674","FENGYUN 1C DEB","1999-025AQG","1999-025AQG","0","SMALL","PRC","2026-03-25 19:48:12","2026-04-26 0:00:00","60day_msg","Prediction","4"
"58720","58720","STARLINK-31027","2024-002R","2024-002R","0","LARGE","US","2026-03-18 19:42:04","2026-04-26 0:00:00","60day_msg","Prediction","4"
"68127","68127","ICOR SV","2026-046A","2026-046A","0","","US","2026-03-25 19:48:12","2026-04-26 0:00:00","60day_msg","Prediction","4"
"27126","27126","PSLV DEB","2001-049BW","2001-049BW","0","MEDIUM","IND","2026-03-18 19:42:04","2026-04-26 0:00:00","60day_msg","Prediction","4"
"46558","46558","STARLINK-1680","2020-070AC","2020-070AC","0","LARGE","US","2026-03-11 20:03:35","2026-04-26 0:00:00","60day_msg","Prediction","4"
"15331","15331","COSMOS 1602","1984-105A","1984-105A","0","LARGE","CIS","2026-03-04 20:53:13","2026-04-26 0:00:00","60day_msg","Prediction","4"
"51657","51657","INSPIRESAT-1","2022-013B","2022-013B","0","SMALL","IND","2026-03-11 20:03:35","2026-04-26 0:00:00","60day_msg","Prediction","4"
"61377","61377","CZ-6A DEB","2024-140WS","2024-140WS","0","SMALL","PRC","2026-03-25 19:48:12","2026-04-26 0:00:00","60day_msg","Prediction","4"
"46558","46558","STARLINK-1680","2020-070AC","2020-070AC","0","LARGE","US","2026-03-04 20:53:13","2026-04-26 0:00:00","60day_msg","Prediction","4"
"46559","46559","STARLINK-1681","2020-070AD","2020-070AD","0","LARGE","US","2026-03-18 19:42:04","2026-04-26 0:00:00","60day_msg","Prediction","4"
"66907","66907","OBJECT XT","1998-067XT","1998-067XT","0","","US","2026-03-11 20:03:35","2026-04-26 0:00:00","60day_msg","Prediction","4"
"51657","51657","INSPIRESAT-1","2022-013B","2022-013B","0","SMALL","IND","2026-02-25 20:29:49","2026-04-26 0:00:00","60day_msg","Prediction","4"
"43805","43805","OBJECT AZ","2018-099AZ","2018-099AZ","0","SMALL","TBD","2026-03-11 20:03:35","2026-04-26 0:00:00","60day_msg","Prediction","4"
"47566","47566","STARLINK-1965","2021-009U","2021-009U","0","LARGE","US","2026-03-25 19:48:12","2026-04-26 0:00:00","60day_msg","Prediction","4"
"43805","43805","OBJECT AZ","2018-099AZ","2018-099AZ","0","SMALL","TBD","2026-02-25 20:29:49","2026-04-26 0:00:00","60day_msg","Prediction","4"
"46119","46119","STARLINK-1593","2020-057C","2020-057C","0","LARGE","US","2026-03-11 20:03:35","2026-04-26 0:00:00","60day_msg","Prediction","4"
"66908","66908","OBJECT XU","1998-067XU","1998-067XU","0","","US","2026-02-25 20:29:49","2026-04-26 0:00:00","60day_msg","Prediction","4"
"43805","43805","OBJECT AZ","2018-099AZ","2018-099AZ","0","SMALL","TBD","2026-03-04 20:53:13","2026-04-26 0:00:00","60day_msg","Prediction","4"
"51816","51816","STARLINK-3603","2022-017BA","2022-017BA","0","LARGE","US","2026-03-11 20:03:35","2026-04-26 0:00:00","60day_msg","Prediction","4"
"60638","60638","CZ-6A DEB","2024-140AP","2024-140AP","0","MEDIUM","PRC","2026-03-25 19:48:12","2026-04-26 0:00:00","60day_msg","Prediction","4"
"45388","45388","STARLINK-1280","2020-019AE","2020-019AE","0","LARGE","US","2026-02-25 20:29:49","2026-04-26 0:00:00","60day_msg","Prediction","4"
"46744","46744","STARLINK-1894","2020-074F","2020-074F","0","LARGE","US","2026-03-25 19:48:12","2026-04-26 0:00:00","60day_msg","Prediction","4"
"46784","46784","STARLINK-1882","2020-074AX","2020-074AX","0","LARGE","US","2026-03-11 20:03:35","2026-04-26 0:00:00","60day_msg","Prediction","4"
"47161","47161","STARLINK-1876","2020-088AR","2020-088AR","0","LARGE","US","2026-02-25 20:29:49","2026-04-26 0:00:00","60day_msg","Prediction","4"
"62693","62693","OBJECT CN","2025-009CN","2025-009CN","0","SMALL","TBD","2026-03-11 20:03:35","2026-04-26 0:00:00","60day_msg","Prediction","4"
"62693","62693","OBJECT CN","2025-009CN","2025-009CN","0","SMALL","TBD","2026-02-25 20:29:49","2026-04-25 0:00:00","60day_msg","Prediction","4"
"63490","63490","HYDRA-W","2025-052BL","2025-052BL","0","SMALL","SPN","2026-03-18 19:42:04","2026-04-25 0:00:00","60day_msg","Prediction","4"
"46567","46567","STARLINK-1741","2020-070AM","2020-070AM","0","LARGE","US","2026-02-25 20:29:49","2026-04-25 0:00:00","60day_msg","Prediction","4"
"46715","46715","STARLINK-1817","2020-073AX","2020-073AX","0","LARGE","US","2026-02-25 20:29:49","2026-04-25 0:00:00","60day_msg","Prediction","4"
"66907","66907","OBJECT XT","1998-067XT","1998-067XT","0","","US","2026-03-04 20:53:13","2026-04-25 0:00:00","60day_msg","Prediction","4"
"62693","62693","OBJECT CN","2025-009CN","2025-009CN","0","SMALL","TBD","2026-03-04 20:53:13","2026-04-25 0:00:00","60day_msg","Prediction","4"
"66908","66908","OBJECT XU","1998-067XU","1998-067XU","0","","US","2026-03-11 20:03:35","2026-04-25 0:00:00","60day_msg","Prediction","4"
"46171","46171","STARLINK-1633","2020-057BG","2020-057BG","0","LARGE","US","2026-02-25 20:29:49","2026-04-25 0:00:00","60day_msg","Prediction","4"
"66908","66908","OBJECT XU","1998-067XU","1998-067XU","0","","US","2026-03-04 20:53:13","2026-04-25 0:00:00","60day_msg","Prediction","4"
"15331","15331","COSMOS 1602","1984-105A","1984-105A","0","LARGE","CIS","2026-02-25 20:29:49","2026-04-25 0:00:00","60day_msg","Prediction","4"
"65943","65943","BOTAN","1998-067XQ","1998-067XQ","0","","JPN","2026-03-25 19:48:12","2026-04-25 0:00:00","60day_msg","Prediction","4"
"46758","46758","STARLINK-1928","2020-074V","2020-074V","0","LARGE","US","2026-02-25 20:29:49","2026-04-25 0:00:00","60day_msg","Prediction","4"
"42908","42908","BREEZE-M DEB (TANK)","2017-046B","2017-046B","0","LARGE","CIS","2026-03-11 20:03:35","2026-04-25 0:00:00","60day_msg","Prediction","4"
"26661","26661","CZ-4 DEB","1999-057LT","1999-057LT","0","SMALL","PRC","2026-03-18 19:42:04","2026-04-25 0:00:00","60day_msg","Prediction","4"
"46274","46274","ION-MK01","2020-061C","2020-061C","0","MEDIUM","IT","2026-03-25 19:48:12","2026-04-25 0:00:00","60day_msg","Prediction","4"
"51657","51657","INSPIRESAT-1","2022-013B","2022-013B","0","SMALL","IND","2026-03-04 20:53:13","2026-04-25 0:00:00","60day_msg","Prediction","4"
"58277","58277","TIGER-5","2023-174X","2023-174X","0","MEDIUM","RWA","2026-03-18 19:42:04","2026-04-24 0:00:00","60day_msg","Prediction","4"
"47573","47573","STARLINK-1975","2021-009AB","2021-009AB","0","LARGE","US","2026-03-11 20:03:35","2026-04-24 0:00:00","60day_msg","Prediction","4"
"46119","46119","STARLINK-1593","2020-057C","2020-057C","0","LARGE","US","2026-02-25 20:29:49","2026-04-24 0:00:00","60day_msg","Prediction","4"
"56933","56933","OTTER PUP","2023-084B","2023-084B","0","MEDIUM","US","2026-03-18 19:42:04","2026-04-24 0:00:00","60day_msg","Prediction","4"
"42908","42908","BREEZE-M DEB (TANK)","2017-046B","2017-046B","0","LARGE","CIS","2026-03-18 19:42:04","2026-04-24 0:00:00","60day_msg","Prediction","4"
"46699","46699","STARLINK-1799","2020-073AF","2020-073AF","0","LARGE","US","2026-03-04 20:53:13","2026-04-24 0:00:00","60day_msg","Prediction","4"
"46119","46119","STARLINK-1593","2020-057C","2020-057C","0","LARGE","US","2026-03-04 20:53:13","2026-04-24 0:00:00","60day_msg","Prediction","4"
"42908","42908","BREEZE-M DEB (TANK)","2017-046B","2017-046B","0","LARGE","CIS","2026-03-04 20:53:13","2026-04-24 0:00:00","60day_msg","Prediction","4"
"46699","46699","STARLINK-1799","2020-073AF","2020-073AF","0","LARGE","US","2026-03-11 20:03:35","2026-04-24 0:00:00","60day_msg","Prediction","4"
"46792","46792","STARLINK-1934","2020-074BF","2020-074BF","0","LARGE","US","2026-03-18 19:42:04","2026-04-24 0:00:00","60day_msg","Prediction","4"
"42908","42908","BREEZE-M DEB (TANK)","2017-046B","2017-046B","0","LARGE","CIS","2026-02-25 20:29:49","2026-04-24 0:00:00","60day_msg","Prediction","4"
"42908","42908","BREEZE-M DEB (TANK)","2017-046B","2017-046B","0","LARGE","CIS","2026-03-25 19:48:12","2026-04-24 0:00:00","60day_msg","Prediction","4"
"44772","44772","STARLINK-1068","2019-074BM","2019-074BM","0","LARGE","US","2026-02-25 20:29:49","2026-04-24 0:00:00","60day_msg","Prediction","4"
"46746","46746","STARLINK-1905","2020-074H","2020-074H","0","LARGE","US","2026-02-25 20:29:49","2026-04-23 0:00:00","60day_msg","Prediction","4"
"65941","65941","YOTSUBA-KULOVER","1998-067XN","1998-067XN","0","","JPN","2026-03-25 19:48:12","2026-04-23 0:00:00","60day_msg","Prediction","4"
"47672","47672","STARLINK-2065","2021-012BE","2021-012BE","0","LARGE","US","2026-03-18 19:42:04","2026-04-23 0:00:00","60day_msg","Prediction","4"
"27126","27126","PSLV DEB","2001-049BW","2001-049BW","0","MEDIUM","IND","2026-03-04 20:53:13","2026-04-23 0:00:00","60day_msg","Prediction","4"
"47573","47573","STARLINK-1975","2021-009AB","2021-009AB","0","LARGE","US","2026-02-25 20:29:49","2026-04-23 0:00:00","60day_msg","Prediction","4"
"47679","47679","STARLINK-2095","2021-012BM","2021-012BM","0","LARGE","US","2026-03-18 19:42:04","2026-04-23 0:00:00","60day_msg","Prediction","4"
"46744","46744","STARLINK-1894","2020-074F","2020-074F","0","LARGE","US","2026-03-18 19:42:04","2026-04-23 0:00:00","60day_msg","Prediction","4"
"66909","66909","SILVERSAT","1998-067XV","1998-067XV","0","","US","2026-03-18 19:42:04","2026-04-23 0:00:00","60day_msg","Prediction","4"
"46699","46699","STARLINK-1799","2020-073AF","2020-073AF","0","LARGE","US","2026-02-25 20:29:49","2026-04-23 0:00:00","60day_msg","Prediction","4"
"46780","46780","STARLINK-1832","2020-074AT","2020-074AT","0","LARGE","US","2026-03-11 20:03:35","2026-04-23 0:00:00","60day_msg","Prediction","4"
"46681","46681","STARLINK-1775","2020-073M","2020-073M","0","LARGE","US","2026-02-25 20:29:49","2026-04-22 0:00:00","60day_msg","Prediction","4"
"46164","46164","STARLINK-1612","2020-057AZ","2020-057AZ","0","LARGE","US","2026-03-18 19:42:04","2026-04-22 0:00:00","60day_msg","Prediction","4"
"46128","46128","STARLINK-1622","2020-057M","2020-057M","0","LARGE","US","2026-02-25 20:29:49","2026-04-22 0:00:00","60day_msg","Prediction","4"
"51793","51793","STARLINK-3633","2022-017AB","2022-017AB","0","LARGE","US","2026-03-11 20:03:35","2026-04-22 0:00:00","60day_msg","Prediction","4"
"50206","50206","STARLINK-3258","2021-125BC","2021-125BC","0","LARGE","US","2026-03-04 20:53:13","2026-04-22 0:00:00","60day_msg","Prediction","4"
"34886","34886","COSMOS 2251 DEB","1993-036ACZ","1993-036ACZ","0","SMALL","CIS","2026-03-18 19:42:04","2026-04-22 0:00:00","60day_msg","Prediction","4"
"46376","46376","STARLINK-1742","2020-062BD","2020-062BD","0","LARGE","US","2026-03-25 19:48:12","2026-04-22 0:00:00","60day_msg","Prediction","4"
"59245","59245","STARLINK-31268","2024-049Q","2024-049Q","0","LARGE","US","2026-03-18 19:42:04","2026-04-22 0:00:00","60day_msg","Prediction","4"
"47573","47573","STARLINK-1975","2021-009AB","2021-009AB","0","LARGE","US","2026-03-04 20:53:13","2026-04-22 0:00:00","60day_msg","Prediction","4"
"47667","47667","STARLINK-2058","2021-012AZ","2021-012AZ","0","LARGE","US","2026-03-25 19:48:12","2026-04-21 0:00:00","60day_msg","Prediction","4"
"46578","46578","STARLINK-1683","2020-070AY","2020-070AY","0","LARGE","US","2026-03-18 19:42:04","2026-04-21 0:00:00","60day_msg","Prediction","4"
"46780","46780","STARLINK-1832","2020-074AT","2020-074AT","0","LARGE","US","2026-03-04 20:53:13","2026-04-21 0:00:00","60day_msg","Prediction","4"
"46347","46347","STARLINK-1547","2020-062Y","2020-062Y","0","LARGE","US","2026-02-25 20:29:49","2026-04-21 0:00:00","60day_msg","Prediction","4"
"53044","53044","STARLINK-4349","2022-077B","2022-077B","0","LARGE","US","2026-03-04 20:53:13","2026-04-21 0:00:00","60day_msg","Prediction","4"
"57430","57430","STARLINK-30189","2023-105A","2023-105A","0","LARGE","US","2026-02-25 20:29:49","2026-04-21 0:00:00","60day_msg","Prediction","4"
"46127","46127","STARLINK-1621","2020-057L","2020-057L","0","LARGE","US","2026-03-11 20:03:35","2026-04-21 0:00:00","60day_msg","Prediction","4"
"47622","47622","STARLINK-1645","2021-012C","2021-012C","0","LARGE","US","2026-03-25 19:48:12","2026-04-21 0:00:00","60day_msg","Prediction","4"
"56933","56933","OTTER PUP","2023-084B","2023-084B","0","MEDIUM","US","2026-02-25 20:29:49","2026-04-21 0:00:00","60day_msg","Prediction","4"
"46681","46681","STARLINK-1775","2020-073M","2020-073M","0","LARGE","US","2026-03-04 20:53:13","2026-04-21 0:00:00","60day_msg","Prediction","4"
"56933","56933","OTTER PUP","2023-084B","2023-084B","0","MEDIUM","US","2026-03-04 20:53:13","2026-04-21 0:00:00","60day_msg","Prediction","4"
"53044","53044","STARLINK-4349","2022-077B","2022-077B","0","LARGE","US","2026-02-25 20:29:49","2026-04-21 0:00:00","60day_msg","Prediction","4"
"46144","46144","STARLINK-1606","2020-057AD","2020-057AD","0","LARGE","US","2026-02-25 20:29:49","2026-04-21 0:00:00","60day_msg","Prediction","4"
"54359","54359","CZ-6A DEB","2022-151DE","2022-151DE","0","SMALL","PRC","2026-03-11 20:03:35","2026-04-21 0:00:00","60day_msg","Prediction","4"
"46780","46780","STARLINK-1832","2020-074AT","2020-074AT","0","LARGE","US","2026-02-25 20:29:49","2026-04-21 0:00:00","60day_msg","Prediction","4"
"47566","47566","STARLINK-1965","2021-009U","2021-009U","0","LARGE","US","2026-03-18 19:42:04","2026-04-21 0:00:00","60day_msg","Prediction","4"
"46681","46681","STARLINK-1775","2020-073M","2020-073M","0","LARGE","US","2026-03-11 20:03:35","2026-04-21 0:00:00","60day_msg","Prediction","4"
"46790","46790","STARLINK-1931","2020-074BD","2020-074BD","0","LARGE","US","2026-02-25 20:29:49","2026-04-20 0:00:00","60day_msg","Prediction","4"
"63002","63002","OBJECT DM","2025-009DM","2025-009DM","0","SMALL","TBD","2026-03-11 20:03:35","2026-04-20 0:00:00","60day_msg","Prediction","4"
"46127","46127","STARLINK-1621","2020-057L","2020-057L","0","LARGE","US","2026-02-25 20:29:49","2026-04-20 0:00:00","60day_msg","Prediction","4"
"46274","46274","ION-MK01","2020-061C","2020-061C","0","MEDIUM","IT","2026-03-18 19:42:04","2026-04-20 0:00:00","60day_msg","Prediction","4"
"44876","44876","ANGELS","2019-092D","2019-092D","0","MEDIUM","FR","2026-02-25 20:29:49","2026-04-20 0:00:00","60day_msg","Prediction","4"
"41076","41076","NOAA 16 DEB","2000-055AK","2000-055AK","0","SMALL","US","2026-03-11 20:03:35","2026-04-20 0:00:00","60day_msg","Prediction","4"
"47565","47565","STARLINK-1964","2021-009T","2021-009T","0","LARGE","US","2026-02-25 20:29:49","2026-04-20 0:00:00","60day_msg","Prediction","4"
"63811","63811","STARLINK-34110","2025-092H","2025-092H","0","LARGE","US","2026-03-18 19:42:04","2026-04-20 0:00:00","60day_msg","Prediction","4"
"49408","49408","STARLINK-3151","2021-104A","2021-104A","0","LARGE","US","2026-03-18 19:42:04","2026-04-20 0:00:00","60day_msg","Prediction","4"
"54359","54359","CZ-6A DEB","2022-151DE","2022-151DE","0","SMALL","PRC","2026-03-04 20:53:13","2026-04-20 0:00:00","60day_msg","Prediction","4"
"41076","41076","NOAA 16 DEB","2000-055AK","2000-055AK","0","SMALL","US","2026-02-25 20:29:49","2026-04-20 0:00:00","60day_msg","Prediction","4"
"46744","46744","STARLINK-1894","2020-074F","2020-074F","0","LARGE","US","2026-03-11 20:03:35","2026-04-20 0:00:00","60day_msg","Prediction","4"
"60638","60638","CZ-6A DEB","2024-140AP","2024-140AP","0","MEDIUM","PRC","2026-03-18 19:42:04","2026-04-20 0:00:00","60day_msg","Prediction","4"
"44876","44876","ANGELS","2019-092D","2019-092D","0","MEDIUM","FR","2026-03-11 20:03:35","2026-04-20 0:00:00","60day_msg","Prediction","4"
"46558","46558","STARLINK-1680","2020-070AC","2020-070AC","0","LARGE","US","2026-02-25 20:29:49","2026-04-20 0:00:00","60day_msg","Prediction","4"
"65941","65941","YOTSUBA-KULOVER","1998-067XN","1998-067XN","0","","JPN","2026-02-18 18:50:33","2026-04-20 0:00:00","60day_msg","Prediction","4"
"46689","46689","STARLINK-1788","2020-073V","2020-073V","0","LARGE","US","2026-02-25 20:29:49","2026-04-20 0:00:00","60day_msg","Prediction","4"
"66911","66911","OBJECT XX","1998-067XX","1998-067XX","0","","US","2026-03-25 19:48:12","2026-04-19 0:00:00","60day_msg","Prediction","4"
"46696","46696","STARLINK-1795","2020-073AC","2020-073AC","0","LARGE","US","2026-02-25 20:29:49","2026-04-19 0:00:00","60day_msg","Prediction","4"
"65943","65943","BOTAN","1998-067XQ","1998-067XQ","0","","JPN","2026-03-18 19:42:04","2026-04-19 0:00:00","60day_msg","Prediction","4"
"41076","41076","NOAA 16 DEB","2000-055AK","2000-055AK","0","SMALL","US","2026-03-04 20:53:13","2026-04-19 0:00:00","60day_msg","Prediction","4"
"27126","27126","PSLV DEB","2001-049BW","2001-049BW","0","MEDIUM","IND","2026-03-11 20:03:35","2026-04-19 0:00:00","60day_msg","Prediction","4"
"53965","53965","STARLINK-4578","2022-125B","2022-125B","0","LARGE","US","2026-02-25 20:29:49","2026-04-19 0:00:00","60day_msg","Prediction","4"
"57473","57473","STARLINK-30187","2023-107S","2023-107S","0","LARGE","US","2026-03-25 19:48:12","2026-04-19 0:00:00","60day_msg","Prediction","4"
"20947","20947","ARIANE 42P R/B","1990-100C","1990-100C","0","LARGE","FR","2026-03-18 19:42:04","2026-04-19 0:00:00","60day_msg","Prediction","4"
"56401","56401","STARLINK-6256","2023-061AD","2023-061AD","0","LARGE","US","2026-03-25 19:48:12","2026-04-19 0:00:00","60day_msg","Prediction","4"
"61377","61377","CZ-6A DEB","2024-140WS","2024-140WS","0","SMALL","PRC","2026-02-18 18:50:33","2026-04-19 0:00:00","60day_msg","Prediction","4"
"30613","30613","FENGYUN 1C DEB","1999-025AMU","1999-025AMU","0","SMALL","PRC","2026-03-18 19:42:04","2026-04-19 0:00:00","60day_msg","Prediction","4"
"20947","20947","ARIANE 42P R/B","1990-100C","1990-100C","0","LARGE","FR","2026-03-25 19:48:12","2026-04-19 0:00:00","60day_msg","Prediction","4"
"46559","46559","STARLINK-1681","2020-070AD","2020-070AD","0","LARGE","US","2026-03-11 20:03:35","2026-04-18 0:00:00","60day_msg","Prediction","4"
"46559","46559","STARLINK-1681","2020-070AD","2020-070AD","0","LARGE","US","2026-02-25 20:29:49","2026-04-18 0:00:00","60day_msg","Prediction","4"
"30613","30613","FENGYUN 1C DEB","1999-025AMU","1999-025AMU","0","SMALL","PRC","2026-02-25 20:29:49","2026-04-18 0:00:00","60day_msg","Prediction","4"
"63002","63002","OBJECT DM","2025-009DM","2025-009DM","0","SMALL","TBD","2026-02-25 20:29:49","2026-04-18 0:00:00","60day_msg","Prediction","4"
"20947","20947","ARIANE 42P R/B","1990-100C","1990-100C","0","LARGE","FR","2026-03-11 20:03:35","2026-04-18 0:00:00","60day_msg","Prediction","4"
"47622","47622","STARLINK-1645","2021-012C","2021-012C","0","LARGE","US","2026-03-18 19:42:04","2026-04-18 0:00:00","60day_msg","Prediction","4"
"46672","46672","STARLINK-1716","2020-073C","2020-073C","0","LARGE","US","2026-02-25 20:29:49","2026-04-18 0:00:00","60day_msg","Prediction","4"
"63002","63002","OBJECT DM","2025-009DM","2025-009DM","0","SMALL","TBD","2026-03-04 20:53:13","2026-04-18 0:00:00","60day_msg","Prediction","4"
"60638","60638","CZ-6A DEB","2024-140AP","2024-140AP","0","MEDIUM","PRC","2026-02-25 20:29:49","2026-04-18 0:00:00","60day_msg","Prediction","4"
"56933","56933","OTTER PUP","2023-084B","2023-084B","0","MEDIUM","US","2026-03-11 20:03:35","2026-04-18 0:00:00","60day_msg","Prediction","4"
"46572","46572","STARLINK-1531","2020-070AS","2020-070AS","0","LARGE","US","2026-02-25 20:29:49","2026-04-18 0:00:00","60day_msg","Prediction","4"
"65941","65941","YOTSUBA-KULOVER","1998-067XN","1998-067XN","0","","JPN","2026-03-18 19:42:04","2026-04-17 0:00:00","60day_msg","Prediction","4"
"47587","47587","STARLINK-1991","2021-009AR","2021-009AR","0","LARGE","US","2026-02-25 20:29:49","2026-04-17 0:00:00","60day_msg","Prediction","4"
"46784","46784","STARLINK-1882","2020-074AX","2020-074AX","0","LARGE","US","2026-02-25 20:29:49","2026-04-17 0:00:00","60day_msg","Prediction","4"
"46376","46376","STARLINK-1742","2020-062BD","2020-062BD","0","LARGE","US","2026-03-18 19:42:04","2026-04-17 0:00:00","60day_msg","Prediction","4"
"26661","26661","CZ-4 DEB","1999-057LT","1999-057LT","0","SMALL","PRC","2026-03-04 20:53:13","2026-04-17 0:00:00","60day_msg","Prediction","4"
"46155","46155","STARLINK-1667","2020-057AQ","2020-057AQ","0","LARGE","US","2026-02-25 20:29:49","2026-04-17 0:00:00","60day_msg","Prediction","4"
"46792","46792","STARLINK-1934","2020-074BF","2020-074BF","0","LARGE","US","2026-03-11 20:03:35","2026-04-17 0:00:00","60day_msg","Prediction","4"
"58277","58277","TIGER-5","2023-174X","2023-174X","0","MEDIUM","RWA","2026-03-04 20:53:13","2026-04-17 0:00:00","60day_msg","Prediction","4"
"46559","46559","STARLINK-1681","2020-070AD","2020-070AD","0","LARGE","US","2026-03-04 20:53:13","2026-04-17 0:00:00","60day_msg","Prediction","4"
"61377","61377","CZ-6A DEB","2024-140WS","2024-140WS","0","SMALL","PRC","2026-03-18 19:42:04","2026-04-17 0:00:00","60day_msg","Prediction","4"
"48145","48145","STARLINK-2488","2021-027BF","2021-027BF","0","LARGE","US","2026-02-18 18:50:33","2026-04-17 0:00:00","60day_msg","Prediction","4"
"58277","58277","TIGER-5","2023-174X","2023-174X","0","MEDIUM","RWA","2026-03-11 20:03:35","2026-04-17 0:00:00","60day_msg","Prediction","4"
"46700","46700","STARLINK-1800","2020-073AG","2020-073AG","0","LARGE","US","2026-03-25 19:48:12","2026-04-17 0:00:00","60day_msg","Prediction","4"
"34464","34464","COSMOS 2251 DEB","1993-036TH","1993-036TH","0","SMALL","CIS","2026-02-25 20:29:49","2026-04-16 0:00:00","60day_msg","Prediction","4"
"63490","63490","HYDRA-W","2025-052BL","2025-052BL","0","SMALL","SPN","2026-02-25 20:29:49","2026-04-16 0:00:00","60day_msg","Prediction","4"
"49423","49423","STARLINK-3149","2021-104R","2021-104R","0","LARGE","US","2026-02-25 20:29:49","2026-04-16 0:00:00","60day_msg","Prediction","4"
"46792","46792","STARLINK-1934","2020-074BF","2020-074BF","0","LARGE","US","2026-03-04 20:53:13","2026-04-16 0:00:00","60day_msg","Prediction","4"
"46164","46164","STARLINK-1612","2020-057AZ","2020-057AZ","0","LARGE","US","2026-02-25 20:29:49","2026-04-16 0:00:00","60day_msg","Prediction","4"
"58720","58720","STARLINK-31027","2024-002R","2024-002R","0","LARGE","US","2026-03-11 20:03:35","2026-04-16 0:00:00","60day_msg","Prediction","4"
"57430","57430","STARLINK-30189","2023-105A","2023-105A","0","LARGE","US","2026-03-11 20:03:35","2026-04-16 0:00:00","60day_msg","Prediction","4"
"58277","58277","TIGER-5","2023-174X","2023-174X","0","MEDIUM","RWA","2026-02-25 20:29:49","2026-04-16 0:00:00","60day_msg","Prediction","4"
"54890","54890","CZ-6A DEB","2022-151QB","2022-151QB","0","SMALL","PRC","2026-03-18 19:42:04","2026-04-16 0:00:00","60day_msg","Prediction","4"
"46564","46564","STARLINK-1733","2020-070AJ","2020-070AJ","0","LARGE","US","2026-03-18 19:42:04","2026-04-16 0:00:00","60day_msg","Prediction","4"
"45179","45179","STARLINK-1143","2020-012B","2020-012B","0","LARGE","US","2026-02-25 20:29:49","2026-04-16 0:00:00","60day_msg","Prediction","4"
"47623","47623","STARLINK-1655","2021-012D","2021-012D","0","LARGE","US","2026-02-25 20:29:49","2026-04-16 0:00:00","60day_msg","Prediction","4"
"46792","46792","STARLINK-1934","2020-074BF","2020-074BF","0","LARGE","US","2026-02-25 20:29:49","2026-04-16 0:00:00","60day_msg","Prediction","4"
"46267","46267","TYVAK-0172","2020-059C","2020-059C","0","MEDIUM","US","2026-02-18 18:50:33","2026-04-16 0:00:00","60day_msg","Prediction","4"
"47592","47592","STARLINK-1997","2021-009AW","2021-009AW","0","LARGE","US","2026-02-25 20:29:49","2026-04-16 0:00:00","60day_msg","Prediction","4"
"63490","63490","HYDRA-W","2025-052BL","2025-052BL","0","SMALL","SPN","2026-03-11 20:03:35","2026-04-16 0:00:00","60day_msg","Prediction","4"
"66909","66909","SILVERSAT","1998-067XV","1998-067XV","0","","US","2026-02-25 20:29:49","2026-04-16 0:00:00","60day_msg","Prediction","4"
"31614","31614","FENGYUN 1C DEB","1999-025BZU","1999-025BZU","0","SMALL","PRC","2026-03-25 19:48:12","2026-04-16 0:00:00","60day_msg","Prediction","4"
"47724","47724","STARLINK-2116","2021-017C","2021-017C","0","LARGE","US","2026-03-25 19:48:12","2026-04-16 0:00:00","60day_msg","Prediction","4"
"26661","26661","CZ-4 DEB","1999-057LT","1999-057LT","0","SMALL","PRC","2026-03-11 20:03:35","2026-04-16 0:00:00","60day_msg","Prediction","4"
"47667","47667","STARLINK-2058","2021-012AZ","2021-012AZ","0","LARGE","US","2026-03-18 19:42:04","2026-04-16 0:00:00","60day_msg","Prediction","4"
"60638","60638","CZ-6A DEB","2024-140AP","2024-140AP","0","MEDIUM","PRC","2026-03-04 20:53:13","2026-04-15 0:00:00","60day_msg","Prediction","4"
"46585","46585","STARLINK-1736","2020-070BF","2020-070BF","0","LARGE","US","2026-02-25 20:29:49","2026-04-15 0:00:00","60day_msg","Prediction","4"
"62689","62689","LOGSATS","2025-009CJ","2025-009CJ","0","SMALL","THAI","2026-03-25 19:48:12","2026-04-15 0:00:00","60day_msg","Prediction","4"
"46164","46164","STARLINK-1612","2020-057AZ","2020-057AZ","0","LARGE","US","2026-03-11 20:03:35","2026-04-15 0:00:00","60day_msg","Prediction","4"
"66911","66911","OBJECT XX","1998-067XX","1998-067XX","0","","US","2026-02-18 18:50:33","2026-04-15 0:00:00","60day_msg","Prediction","4"
"34464","34464","COSMOS 2251 DEB","1993-036TH","1993-036TH","0","SMALL","CIS","2026-03-04 20:53:13","2026-04-15 0:00:00","60day_msg","Prediction","4"
"46349","46349","STARLINK-1575","2020-062AA","2020-062AA","0","LARGE","US","2026-03-25 19:48:12","2026-04-15 0:00:00","60day_msg","Prediction","4"
"66909","66909","SILVERSAT","1998-067XV","1998-067XV","0","","US","2026-03-11 20:03:35","2026-04-15 0:00:00","60day_msg","Prediction","4"
"66909","66909","SILVERSAT","1998-067XV","1998-067XV","0","","US","2026-03-04 20:53:13","2026-04-15 0:00:00","60day_msg","Prediction","4"
"45569","45569","STARLINK-1366","2020-025AQ","2020-025AQ","0","LARGE","US","2026-02-18 18:50:33","2026-04-15 0:00:00","60day_msg","Prediction","4"
"45568","45568","STARLINK-1363","2020-025AP","2020-025AP","0","LARGE","US","2026-02-18 18:50:33","2026-04-15 0:00:00","60day_msg","Prediction","4"
"46578","46578","STARLINK-1683","2020-070AY","2020-070AY","0","LARGE","US","2026-02-25 20:29:49","2026-04-15 0:00:00","60day_msg","Prediction","4"
"46354","46354","STARLINK-1657","2020-062AF","2020-062AF","0","LARGE","US","2026-03-25 19:48:12","2026-04-15 0:00:00","60day_msg","Prediction","4"
"63490","63490","HYDRA-W","2025-052BL","2025-052BL","0","SMALL","SPN","2026-03-04 20:53:13","2026-04-15 0:00:00","60day_msg","Prediction","4"
"47649","47649","STARLINK-2032","2021-012AF","2021-012AF","0","LARGE","US","2026-02-25 20:29:49","2026-04-15 0:00:00","60day_msg","Prediction","4"
"47566","47566","STARLINK-1965","2021-009U","2021-009U","0","LARGE","US","2026-03-11 20:03:35","2026-04-15 0:00:00","60day_msg","Prediction","4"
"34010","34010","COSMOS 2251 DEB","1993-036GV","1993-036GV","0","SMALL","CIS","2026-03-18 19:42:04","2026-04-15 0:00:00","60day_msg","Prediction","4"
"44736","44736","STARLINK-1031","2019-074Z","2019-074Z","0","LARGE","US","2026-03-25 19:48:12","2026-04-15 0:00:00","60day_msg","Prediction","4"
"46578","46578","STARLINK-1683","2020-070AY","2020-070AY","0","LARGE","US","2026-03-04 20:53:13","2026-04-14 0:00:00","60day_msg","Prediction","4"
"34886","34886","COSMOS 2251 DEB","1993-036ACZ","1993-036ACZ","0","SMALL","CIS","2026-03-11 20:03:35","2026-04-14 0:00:00","60day_msg","Prediction","4"
"60638","60638","CZ-6A DEB","2024-140AP","2024-140AP","0","MEDIUM","PRC","2026-03-11 20:03:35","2026-04-14 0:00:00","60day_msg","Prediction","4"
"46127","46127","STARLINK-1621","2020-057L","2020-057L","0","LARGE","US","2026-03-04 20:53:13","2026-04-14 0:00:00","60day_msg","Prediction","4"
"34886","34886","COSMOS 2251 DEB","1993-036ACZ","1993-036ACZ","0","SMALL","CIS","2026-03-04 20:53:13","2026-04-14 0:00:00","60day_msg","Prediction","4"
"30613","30613","FENGYUN 1C DEB","1999-025AMU","1999-025AMU","0","SMALL","PRC","2026-03-04 20:53:13","2026-04-14 0:00:00","60day_msg","Prediction","4"
"66911","66911","OBJECT XX","1998-067XX","1998-067XX","0","","US","2026-03-18 19:42:04","2026-04-14 0:00:00","60day_msg","Prediction","4"
"20947","20947","ARIANE 42P R/B","1990-100C","1990-100C","0","LARGE","FR","2026-02-18 18:50:33","2026-04-14 0:00:00","60day_msg","Prediction","4"
"34886","34886","COSMOS 2251 DEB","1993-036ACZ","1993-036ACZ","0","SMALL","CIS","2026-02-25 20:29:49","2026-04-14 0:00:00","60day_msg","Prediction","4"
"46744","46744","STARLINK-1894","2020-074F","2020-074F","0","LARGE","US","2026-03-04 20:53:13","2026-04-14 0:00:00","60day_msg","Prediction","4"
"62689","62689","LOGSATS","2025-009CJ","2025-009CJ","0","SMALL","THAI","2026-02-18 18:50:33","2026-04-14 0:00:00","60day_msg","Prediction","4"
"46117","46117","STARLINK-1585","2020-057A","2020-057A","0","LARGE","US","2026-03-25 19:48:12","2026-04-14 0:00:00","60day_msg","Prediction","4"
"47679","47679","STARLINK-2095","2021-012BM","2021-012BM","0","LARGE","US","2026-03-11 20:03:35","2026-04-14 0:00:00","60day_msg","Prediction","4"
"46131","46131","STARLINK-1625","2020-057Q","2020-057Q","0","LARGE","US","2026-03-25 19:48:12","2026-04-14 0:00:00","60day_msg","Prediction","4"
"60205","60205","OBJECT C","2024-125C","2024-125C","0","SMALL","US","2026-02-18 18:50:33","2026-04-14 0:00:00","60day_msg","Prediction","4"
"46744","46744","STARLINK-1894","2020-074F","2020-074F","0","LARGE","US","2026-02-25 20:29:49","2026-04-14 0:00:00","60day_msg","Prediction","4"
"34464","34464","COSMOS 2251 DEB","1993-036TH","1993-036TH","0","SMALL","CIS","2026-03-11 20:03:35","2026-04-14 0:00:00","60day_msg","Prediction","4"
"42366","42366","NOAA 16 DEB","2000-055RJ","2000-055RJ","0","SMALL","US","2026-03-25 19:48:12","2026-04-14 0:00:00","60day_msg","Prediction","4"
"46578","46578","STARLINK-1683","2020-070AY","2020-070AY","0","LARGE","US","2026-03-11 20:03:35","2026-04-14 0:00:00","60day_msg","Prediction","4"
"60735","60735","STARLINK-32272","2024-152R","2024-152R","0","LARGE","US","2026-03-25 19:48:12","2026-04-14 0:00:00","60day_msg","Prediction","4"
"46274","46274","ION-MK01","2020-061C","2020-061C","0","MEDIUM","IT","2026-03-11 20:03:35","2026-04-14 0:00:00","60day_msg","Prediction","4"
"56401","56401","STARLINK-6256","2023-061AD","2023-061AD","0","LARGE","US","2026-03-18 19:42:04","2026-04-14 0:00:00","60day_msg","Prediction","4"
"47624","47624","STARLINK-1669","2021-012E","2021-012E","0","LARGE","US","2026-03-18 19:42:04","2026-04-13 0:00:00","60day_msg","Prediction","4"
"65943","65943","BOTAN","1998-067XQ","1998-067XQ","0","","JPN","2026-02-25 20:29:49","2026-04-13 0:00:00","60day_msg","Prediction","4"
"57473","57473","STARLINK-30187","2023-107S","2023-107S","0","LARGE","US","2026-03-18 19:42:04","2026-04-13 0:00:00","60day_msg","Prediction","4"
"30613","30613","FENGYUN 1C DEB","1999-025AMU","1999-025AMU","0","SMALL","PRC","2026-03-11 20:03:35","2026-04-13 0:00:00","60day_msg","Prediction","4"
"59245","59245","STARLINK-31268","2024-049Q","2024-049Q","0","LARGE","US","2026-03-11 20:03:35","2026-04-13 0:00:00","60day_msg","Prediction","4"
"66909","66909","SILVERSAT","1998-067XV","1998-067XV","0","","US","2026-02-11 18:50:01","2026-04-13 0:00:00","60day_msg","Prediction","4"
"20947","20947","ARIANE 42P R/B","1990-100C","1990-100C","0","LARGE","FR","2026-03-04 20:53:13","2026-04-13 0:00:00","60day_msg","Prediction","4"
"26661","26661","CZ-4 DEB","1999-057LT","1999-057LT","0","SMALL","PRC","2026-02-25 20:29:49","2026-04-13 0:00:00","60day_msg","Prediction","4"
"47566","47566","STARLINK-1965","2021-009U","2021-009U","0","LARGE","US","2026-02-25 20:29:49","2026-04-13 0:00:00","60day_msg","Prediction","4"
"34313","34313","COSMOS 2251 DEB","1993-036NK","1993-036NK","0","SMALL","CIS","2026-02-18 18:50:33","2026-04-13 0:00:00","60day_msg","Prediction","4"
"63490","63490","HYDRA-W","2025-052BL","2025-052BL","0","SMALL","SPN","2026-02-11 18:50:01","2026-04-13 0:00:00","60day_msg","Prediction","4"
"46274","46274","ION-MK01","2020-061C","2020-061C","0","MEDIUM","IT","2026-03-04 20:53:13","2026-04-13 0:00:00","60day_msg","Prediction","4"
"46274","46274","ION-MK01","2020-061C","2020-061C","0","MEDIUM","IT","2026-02-25 20:29:49","2026-04-13 0:00:00","60day_msg","Prediction","4"
"60205","60205","OBJECT C","2024-125C","2024-125C","0","SMALL","US","2026-03-25 19:48:12","2026-04-13 0:00:00","60day_msg","Prediction","4"
"65943","65943","BOTAN","1998-067XQ","1998-067XQ","0","","JPN","2026-03-11 20:03:35","2026-04-13 0:00:00","60day_msg","Prediction","4"
"65943","65943","BOTAN","1998-067XQ","1998-067XQ","0","","JPN","2026-03-04 20:53:13","2026-04-13 0:00:00","60day_msg","Prediction","4"
"56486","56486","STARLINK-6201","2023-064AQ","2023-064AQ","0","LARGE","US","2026-02-25 20:29:49","2026-04-13 0:00:00","60day_msg","Prediction","4"
"63811","63811","STARLINK-34110","2025-092H","2025-092H","0","LARGE","US","2026-02-25 20:29:49","2026-04-12 0:00:00","60day_msg","Prediction","4"
"65941","65941","YOTSUBA-KULOVER","1998-067XN","1998-067XN","0","","JPN","2026-03-11 20:03:35","2026-04-12 0:00:00","60day_msg","Prediction","4"
"34886","34886","COSMOS 2251 DEB","1993-036ACZ","1993-036ACZ","0","SMALL","CIS","2026-02-11 18:50:01","2026-04-12 0:00:00","60day_msg","Prediction","4"
"47566","47566","STARLINK-1965","2021-009U","2021-009U","0","LARGE","US","2026-03-04 20:53:13","2026-04-12 0:00:00","60day_msg","Prediction","4"
"46267","46267","TYVAK-0172","2020-059C","2020-059C","0","MEDIUM","US","2026-03-25 19:48:12","2026-04-12 0:00:00","60day_msg","Prediction","4"
"46349","46349","STARLINK-1575","2020-062AA","2020-062AA","0","LARGE","US","2026-03-18 19:42:04","2026-04-12 0:00:00","60day_msg","Prediction","4"
"46376","46376","STARLINK-1742","2020-062BD","2020-062BD","0","LARGE","US","2026-03-11 20:03:35","2026-04-12 0:00:00","60day_msg","Prediction","4"
"63811","63811","STARLINK-34110","2025-092H","2025-092H","0","LARGE","US","2026-03-11 20:03:35","2026-04-12 0:00:00","60day_msg","Prediction","4"
"46274","46274","ION-MK01","2020-061C","2020-061C","0","MEDIUM","IT","2026-02-11 18:50:01","2026-04-12 0:00:00","60day_msg","Prediction","4"
"47724","47724","STARLINK-2116","2021-017C","2021-017C","0","LARGE","US","2026-03-18 19:42:04","2026-04-12 0:00:00","60day_msg","Prediction","4"
"65941","65941","YOTSUBA-KULOVER","1998-067XN","1998-067XN","0","","JPN","2026-02-25 20:29:49","2026-04-12 0:00:00","60day_msg","Prediction","4"
"44736","44736","STARLINK-1031","2019-074Z","2019-074Z","0","LARGE","US","2026-03-18 19:42:04","2026-04-12 0:00:00","60day_msg","Prediction","4"
"40750","40750","CZ-3B R/B","2015-037C","2015-037C","0","LARGE","PRC","2026-03-18 19:42:04","2026-04-12 0:00:00","60day_msg","Prediction","4"
"53965","53965","STARLINK-4578","2022-125B","2022-125B","0","LARGE","US","2026-03-18 19:42:04","2026-04-11 0:00:00","60day_msg","Prediction","4"
"60735","60735","STARLINK-32272","2024-152R","2024-152R","0","LARGE","US","2026-03-18 19:42:04","2026-04-11 0:00:00","60day_msg","Prediction","4"
"46131","46131","STARLINK-1625","2020-057Q","2020-057Q","0","LARGE","US","2026-03-18 19:42:04","2026-04-11 0:00:00","60day_msg","Prediction","4"
"65941","65941","YOTSUBA-KULOVER","1998-067XN","1998-067XN","0","","JPN","2026-03-04 20:53:13","2026-04-11 0:00:00","60day_msg","Prediction","4"
"53965","53965","STARLINK-4578","2022-125B","2022-125B","0","LARGE","US","2026-03-25 19:48:12","2026-04-11 0:00:00","60day_msg","Prediction","4"
"34464","34464","COSMOS 2251 DEB","1993-036TH","1993-036TH","0","SMALL","CIS","2026-02-11 18:50:01","2026-04-11 0:00:00","60day_msg","Prediction","4"
"47622","47622","STARLINK-1645","2021-012C","2021-012C","0","LARGE","US","2026-03-11 20:03:35","2026-04-11 0:00:00","60day_msg","Prediction","4"
"46117","46117","STARLINK-1585","2020-057A","2020-057A","0","LARGE","US","2026-03-18 19:42:04","2026-04-11 0:00:00","60day_msg","Prediction","4"
"18748","18748","COSMOS 1908","1988-001A","1988-001A","0","LARGE","CIS","2026-03-25 19:48:12","2026-04-11 0:00:00","60day_msg","Prediction","4"
"44876","44876","ANGELS","2019-092D","2019-092D","0","MEDIUM","FR","2026-03-04 20:53:13","2026-04-11 0:00:00","60day_msg","Prediction","4"
"62689","62689","LOGSATS","2025-009CJ","2025-009CJ","0","SMALL","THAI","2026-03-18 19:42:04","2026-04-11 0:00:00","60day_msg","Prediction","4"
"47667","47667","STARLINK-2058","2021-012AZ","2021-012AZ","0","LARGE","US","2026-03-11 20:03:35","2026-04-11 0:00:00","60day_msg","Prediction","4"
"20947","20947","ARIANE 42P R/B","1990-100C","1990-100C","0","LARGE","FR","2026-02-25 20:29:49","2026-04-11 0:00:00","60day_msg","Prediction","4"
"46376","46376","STARLINK-1742","2020-062BD","2020-062BD","0","LARGE","US","2026-02-25 20:29:49","2026-04-11 0:00:00","60day_msg","Prediction","4"
"46700","46700","STARLINK-1800","2020-073AG","2020-073AG","0","LARGE","US","2026-03-18 19:42:04","2026-04-11 0:00:00","60day_msg","Prediction","4"
"46376","46376","STARLINK-1742","2020-062BD","2020-062BD","0","LARGE","US","2026-03-04 20:53:13","2026-04-11 0:00:00","60day_msg","Prediction","4"
"60938","60938","STARLINK-32262","2024-155Q","2024-155Q","0","LARGE","US","2026-03-18 19:42:04","2026-04-11 0:00:00","60day_msg","Prediction","4"
"65943","65943","BOTAN","1998-067XQ","1998-067XQ","0","","JPN","2026-02-11 18:50:01","2026-04-11 0:00:00","60day_msg","Prediction","4"
"51816","51816","STARLINK-3603","2022-017BA","2022-017BA","0","LARGE","US","2026-03-25 19:48:12","2026-04-10 0:00:00","60day_msg","Prediction","4"
"62614","62614","OBJECT F","2025-009F","2025-009F","0","MEDIUM","TBD","2026-02-18 18:50:33","2026-04-10 0:00:00","60day_msg","Prediction","4"
"56401","56401","STARLINK-6256","2023-061AD","2023-061AD","0","LARGE","US","2026-03-04 20:53:13","2026-04-10 0:00:00","60day_msg","Prediction","4"
"47133","47133","STARLINK-1843","2020-088M","2020-088M","0","LARGE","US","2026-03-25 19:48:12","2026-04-10 0:00:00","60day_msg","Prediction","4"
"67223","67223","ELECTRON R/B","2025-305E","2025-305E","0","","US","2026-02-18 18:50:33","2026-04-10 0:00:00","60day_msg","Prediction","4"
"61377","61377","CZ-6A DEB","2024-140WS","2024-140WS","0","SMALL","PRC","2026-03-11 20:03:35","2026-04-10 0:00:00","60day_msg","Prediction","4"
"63382","63382","STARLINK-33633","2025-063V","2025-063V","0","LARGE","US","2026-03-25 19:48:12","2026-04-10 0:00:00","60day_msg","Prediction","4"
"46354","46354","STARLINK-1657","2020-062AF","2020-062AF","0","LARGE","US","2026-03-18 19:42:04","2026-04-10 0:00:00","60day_msg","Prediction","4"
"55947","55947","STARLINK-5851","2023-037AK","2023-037AK","0","LARGE","US","2026-03-25 19:48:12","2026-04-10 0:00:00","60day_msg","Prediction","4"
"18748","18748","COSMOS 1908","1988-001A","1988-001A","0","LARGE","CIS","2026-02-18 18:50:33","2026-04-10 0:00:00","60day_msg","Prediction","4"
"56401","56401","STARLINK-6256","2023-061AD","2023-061AD","0","LARGE","US","2026-03-11 20:03:35","2026-04-10 0:00:00","60day_msg","Prediction","4"
"60205","60205","OBJECT C","2024-125C","2024-125C","0","SMALL","US","2026-03-18 19:42:04","2026-04-10 0:00:00","60day_msg","Prediction","4"
"55408","55408","STARLINK-5092","2023-014T","2023-014T","0","LARGE","US","2026-02-25 20:29:49","2026-04-09 0:00:00","60day_msg","Prediction","4"
"62614","62614","OBJECT F","2025-009F","2025-009F","0","MEDIUM","TBD","2026-03-25 19:48:12","2026-04-09 0:00:00","60day_msg","Prediction","4"
"61377","61377","CZ-6A DEB","2024-140WS","2024-140WS","0","SMALL","PRC","2026-02-25 20:29:49","2026-04-09 0:00:00","60day_msg","Prediction","4"
"48145","48145","STARLINK-2488","2021-027BF","2021-027BF","0","LARGE","US","2026-02-11 18:50:01","2026-04-09 0:00:00","60day_msg","Prediction","4"
"46267","46267","TYVAK-0172","2020-059C","2020-059C","0","MEDIUM","US","2026-02-11 18:50:01","2026-04-09 0:00:00","60day_msg","Prediction","4"
"47724","47724","STARLINK-2116","2021-017C","2021-017C","0","LARGE","US","2026-02-25 20:29:49","2026-04-09 0:00:00","60day_msg","Prediction","4"
"46267","46267","TYVAK-0172","2020-059C","2020-059C","0","MEDIUM","US","2026-03-18 19:42:04","2026-04-09 0:00:00","60day_msg","Prediction","4"
"42366","42366","NOAA 16 DEB","2000-055RJ","2000-055RJ","0","SMALL","US","2026-03-18 19:42:04","2026-04-09 0:00:00","60day_msg","Prediction","4"
"56401","56401","STARLINK-6256","2023-061AD","2023-061AD","0","LARGE","US","2026-02-25 20:29:49","2026-04-09 0:00:00","60day_msg","Prediction","4"
"47622","47622","STARLINK-1645","2021-012C","2021-012C","0","LARGE","US","2026-03-04 20:53:13","2026-04-09 0:00:00","60day_msg","Prediction","4"
"65941","65941","YOTSUBA-KULOVER","1998-067XN","1998-067XN","0","","JPN","2026-02-11 18:50:01","2026-04-09 0:00:00","60day_msg","Prediction","4"
"40750","40750","CZ-3B R/B","2015-037C","2015-037C","0","LARGE","PRC","2026-03-25 19:48:12","2026-04-09 0:00:00","60day_msg","Prediction","4"
"47667","47667","STARLINK-2058","2021-012AZ","2021-012AZ","0","LARGE","US","2026-02-25 20:29:49","2026-04-09 0:00:00","60day_msg","Prediction","4"
"47667","47667","STARLINK-2058","2021-012AZ","2021-012AZ","0","LARGE","US","2026-03-04 20:53:13","2026-04-09 0:00:00","60day_msg","Prediction","4"
"34010","34010","COSMOS 2251 DEB","1993-036GV","1993-036GV","0","SMALL","CIS","2026-03-11 20:03:35","2026-04-09 0:00:00","60day_msg","Prediction","4"
"18748","18748","COSMOS 1908","1988-001A","1988-001A","0","LARGE","CIS","2026-03-18 19:42:04","2026-04-09 0:00:00","60day_msg","Prediction","4"
"61703","61703","STARLINK-32335","2024-195S","2024-195S","0","LARGE","US","2026-03-18 19:42:04","2026-04-08 0:00:00","60day_msg","Prediction","4"
"47679","47679","STARLINK-2095","2021-012BM","2021-012BM","0","LARGE","US","2026-02-25 20:29:49","2026-04-08 0:00:00","60day_msg","Prediction","4"
"66911","66911","OBJECT XX","1998-067XX","1998-067XX","0","","US","2026-02-25 20:29:49","2026-04-08 0:00:00","60day_msg","Prediction","4"
"34010","34010","COSMOS 2251 DEB","1993-036GV","1993-036GV","0","SMALL","CIS","2026-03-04 20:53:13","2026-04-08 0:00:00","60day_msg","Prediction","4"
"34010","34010","COSMOS 2251 DEB","1993-036GV","1993-036GV","0","SMALL","CIS","2026-02-25 20:29:49","2026-04-08 0:00:00","60day_msg","Prediction","4"
"39853","39853","SL-16 DEB","1992-093LF","1992-093LF","0","SMALL","CIS","2026-02-18 18:50:33","2026-04-08 0:00:00","60day_msg","Prediction","4"
"44736","44736","STARLINK-1031","2019-074Z","2019-074Z","0","LARGE","US","2026-03-11 20:03:35","2026-04-08 0:00:00","60day_msg","Prediction","4"
"61377","61377","CZ-6A DEB","2024-140WS","2024-140WS","0","SMALL","PRC","2026-03-04 20:53:13","2026-04-08 0:00:00","60day_msg","Prediction","4"
"60205","60205","OBJECT C","2024-125C","2024-125C","0","SMALL","US","2026-03-04 20:53:13","2026-04-08 0:00:00","60day_msg","Prediction","4"
"62614","62614","OBJECT F","2025-009F","2025-009F","0","MEDIUM","TBD","2026-03-18 19:42:04","2026-04-08 0:00:00","60day_msg","Prediction","4"
"44736","44736","STARLINK-1031","2019-074Z","2019-074Z","0","LARGE","US","2026-03-04 20:53:13","2026-04-07 0:00:00","60day_msg","Prediction","4"
"46164","46164","STARLINK-1612","2020-057AZ","2020-057AZ","0","LARGE","US","2026-03-04 20:53:13","2026-04-07 0:00:00","60day_msg","Prediction","4"
"46356","46356","STARLINK-1665","2020-062AH","2020-062AH","0","LARGE","US","2026-02-11 18:50:01","2026-04-07 0:00:00","60day_msg","Prediction","4"
"44758","44758","STARLINK-1053","2019-074AX","2019-074AX","0","LARGE","US","2026-02-18 18:50:33","2026-04-07 0:00:00","60day_msg","Prediction","4"
"47724","47724","STARLINK-2116","2021-017C","2021-017C","0","LARGE","US","2026-03-04 20:53:13","2026-04-07 0:00:00","60day_msg","Prediction","4"
"34313","34313","COSMOS 2251 DEB","1993-036NK","1993-036NK","0","SMALL","CIS","2026-03-25 19:48:12","2026-04-07 0:00:00","60day_msg","Prediction","4"
"60205","60205","OBJECT C","2024-125C","2024-125C","0","SMALL","US","2026-02-25 20:29:49","2026-04-07 0:00:00","60day_msg","Prediction","4"
"46717","46717","STARLINK-1820","2020-073AZ","2020-073AZ","0","LARGE","US","2026-03-18 19:42:04","2026-04-07 0:00:00","60day_msg","Prediction","4"
"47679","47679","STARLINK-2095","2021-012BM","2021-012BM","0","LARGE","US","2026-03-04 20:53:13","2026-04-07 0:00:00","60day_msg","Prediction","4"
"62689","62689","LOGSATS","2025-009CJ","2025-009CJ","0","SMALL","THAI","2026-03-11 20:03:35","2026-04-07 0:00:00","60day_msg","Prediction","4"
"47624","47624","STARLINK-1669","2021-012E","2021-012E","0","LARGE","US","2026-03-11 20:03:35","2026-04-07 0:00:00","60day_msg","Prediction","4"
"44736","44736","STARLINK-1031","2019-074Z","2019-074Z","0","LARGE","US","2026-02-25 20:29:49","2026-04-07 0:00:00","60day_msg","Prediction","4"
"66911","66911","OBJECT XX","1998-067XX","1998-067XX","0","","US","2026-03-11 20:03:35","2026-04-07 0:00:00","60day_msg","Prediction","4"
"46753","46753","STARLINK-1922","2020-074Q","2020-074Q","0","LARGE","US","2026-02-25 20:29:49","2026-04-07 0:00:00","60day_msg","Prediction","4"
"46354","46354","STARLINK-1657","2020-062AF","2020-062AF","0","LARGE","US","2026-03-04 20:53:13","2026-04-07 0:00:00","60day_msg","Prediction","4"
"60735","60735","STARLINK-32272","2024-152R","2024-152R","0","LARGE","US","2026-03-11 20:03:35","2026-04-07 0:00:00","60day_msg","Prediction","4"
"46717","46717","STARLINK-1820","2020-073AZ","2020-073AZ","0","LARGE","US","2026-03-25 19:48:12","2026-04-07 0:00:00","60day_msg","Prediction","4"
"47724","47724","STARLINK-2116","2021-017C","2021-017C","0","LARGE","US","2026-03-11 20:03:35","2026-04-07 0:00:00","60day_msg","Prediction","4"
"52534","52534","STARLINK-3952","2022-051B","2022-051B","0","LARGE","US","2026-03-25 19:48:12","2026-04-07 0:00:00","60day_msg","Prediction","4"
"59538","59538","STARLINK-31725","2024-074E","2024-074E","0","LARGE","US","2026-03-18 19:42:04","2026-04-07 0:00:00","60day_msg","Prediction","4"
"46349","46349","STARLINK-1575","2020-062AA","2020-062AA","0","LARGE","US","2026-03-11 20:03:35","2026-04-07 0:00:00","60day_msg","Prediction","4"
"47133","47133","STARLINK-1843","2020-088M","2020-088M","0","LARGE","US","2026-03-11 20:03:35","2026-04-07 0:00:00","60day_msg","Prediction","4"
"67223","67223","ELECTRON R/B","2025-305E","2025-305E","0","","US","2026-02-11 18:50:01","2026-04-07 0:00:00","60day_msg","Prediction","4"
"46038","46038","STARLINK-1567","2020-055M","2020-055M","0","LARGE","US","2026-03-25 19:48:12","2026-04-07 0:00:00","60day_msg","Prediction","4"
"46572","46572","STARLINK-1531","2020-070AS","2020-070AS","0","LARGE","US","2026-02-11 18:50:01","2026-04-07 0:00:00","60day_msg","Prediction","4"
"67301","67301","CZ-4B R/B","2025-314B","2025-314B","0","","PRC","2026-02-18 18:50:33","2026-04-07 0:00:00","60day_msg","Prediction","4"
"66911","66911","OBJECT XX","1998-067XX","1998-067XX","0","","US","2026-03-04 20:53:13","2026-04-07 0:00:00","60day_msg","Prediction","4"
"59231","59231","STARLINK-31304","2024-049A","2024-049A","0","LARGE","US","2026-03-25 19:48:12","2026-04-06 0:00:00","60day_msg","Prediction","4"
"46117","46117","STARLINK-1585","2020-057A","2020-057A","0","LARGE","US","2026-02-25 20:29:49","2026-04-06 0:00:00","60day_msg","Prediction","4"
"46349","46349","STARLINK-1575","2020-062AA","2020-062AA","0","LARGE","US","2026-03-04 20:53:13","2026-04-06 0:00:00","60day_msg","Prediction","4"
"44758","44758","STARLINK-1053","2019-074AX","2019-074AX","0","LARGE","US","2026-03-25 19:48:12","2026-04-06 0:00:00","60day_msg","Prediction","4"
"67223","67223","ELECTRON R/B","2025-305E","2025-305E","0","","US","2026-02-04 18:21:58","2026-04-06 0:00:00","60day_msg","Prediction","4"
"46354","46354","STARLINK-1657","2020-062AF","2020-062AF","0","LARGE","US","2026-02-25 20:29:49","2026-04-06 0:00:00","60day_msg","Prediction","4"
"46131","46131","STARLINK-1625","2020-057Q","2020-057Q","0","LARGE","US","2026-03-04 20:53:13","2026-04-06 0:00:00","60day_msg","Prediction","4"
"62689","62689","LOGSATS","2025-009CJ","2025-009CJ","0","SMALL","THAI","2026-02-04 18:21:58","2026-04-06 0:00:00","60day_msg","Prediction","4"
"31409","31409","CZ-2D DEB","2005-024J","2005-024J","0","SMALL","PRC","2026-02-18 18:50:33","2026-04-06 0:00:00","60day_msg","Prediction","4"
"45674","45674","STARLINK-1457","2020-035T","2020-035T","0","LARGE","US","2026-02-18 18:50:33","2026-04-06 0:00:00","60day_msg","Prediction","4"
"62689","62689","LOGSATS","2025-009CJ","2025-009CJ","0","SMALL","THAI","2026-02-25 20:29:49","2026-04-06 0:00:00","60day_msg","Prediction","4"
"60938","60938","STARLINK-32262","2024-155Q","2024-155Q","0","LARGE","US","2026-03-11 20:03:35","2026-04-06 0:00:00","60day_msg","Prediction","4"
"46131","46131","STARLINK-1625","2020-057Q","2020-057Q","0","LARGE","US","2026-02-25 20:29:49","2026-04-06 0:00:00","60day_msg","Prediction","4"
"46354","46354","STARLINK-1657","2020-062AF","2020-062AF","0","LARGE","US","2026-03-11 20:03:35","2026-04-06 0:00:00","60day_msg","Prediction","4"
"46267","46267","TYVAK-0172","2020-059C","2020-059C","0","MEDIUM","US","2026-02-25 20:29:49","2026-04-06 0:00:00","60day_msg","Prediction","4"
"60139","60139","STARLINK-31867","2024-120E","2024-120E","0","LARGE","US","2026-02-25 20:29:49","2026-04-06 0:00:00","60day_msg","Prediction","4"
"46131","46131","STARLINK-1625","2020-057Q","2020-057Q","0","LARGE","US","2026-03-11 20:03:35","2026-04-06 0:00:00","60day_msg","Prediction","4"
"46117","46117","STARLINK-1585","2020-057A","2020-057A","0","LARGE","US","2026-03-11 20:03:35","2026-04-06 0:00:00","60day_msg","Prediction","4"
"49481","49481","NOAA 17 DEB","2002-032DK","2002-032DK","0","SMALL","US","2026-03-25 19:48:12","2026-04-06 0:00:00","60day_msg","Prediction","4"
"47133","47133","STARLINK-1843","2020-088M","2020-088M","0","LARGE","US","2026-03-18 19:42:04","2026-04-06 0:00:00","60day_msg","Prediction","4"
"18748","18748","COSMOS 1908","1988-001A","1988-001A","0","LARGE","CIS","2026-02-25 20:29:49","2026-04-06 0:00:00","60day_msg","Prediction","4"
"60205","60205","OBJECT C","2024-125C","2024-125C","0","SMALL","US","2026-03-11 20:03:35","2026-04-06 0:00:00","60day_msg","Prediction","4"
"46349","46349","STARLINK-1575","2020-062AA","2020-062AA","0","LARGE","US","2026-02-25 20:29:49","2026-04-06 0:00:00","60day_msg","Prediction","4"
"39853","39853","SL-16 DEB","1992-093LF","1992-093LF","0","SMALL","CIS","2026-03-25 19:48:12","2026-04-06 0:00:00","60day_msg","Prediction","4"
"18748","18748","COSMOS 1908","1988-001A","1988-001A","0","LARGE","CIS","2026-03-11 20:03:35","2026-04-06 0:00:00","60day_msg","Prediction","4"
"32184","32184","FENGYUN 1C DEB","1999-025CUE","1999-025CUE","0","SMALL","PRC","2026-02-18 18:50:33","2026-04-05 0:00:00","60day_msg","Prediction","4"
"44758","44758","STARLINK-1053","2019-074AX","2019-074AX","0","LARGE","US","2026-03-18 19:42:04","2026-04-05 0:00:00","60day_msg","Prediction","4"
"67301","67301","CZ-4B R/B","2025-314B","2025-314B","0","","PRC","2026-03-25 19:48:12","2026-04-05 0:00:00","60day_msg","Prediction","4"
"67301","67301","CZ-4B R/B","2025-314B","2025-314B","0","","PRC","2026-03-18 19:42:04","2026-04-05 0:00:00","60day_msg","Prediction","4"
"46267","46267","TYVAK-0172","2020-059C","2020-059C","0","MEDIUM","US","2026-03-11 20:03:35","2026-04-05 0:00:00","60day_msg","Prediction","4"
"41128","41128","NOAA 16 DEB","2000-055BK","2000-055BK","0","SMALL","US","2026-03-25 19:48:12","2026-04-05 0:00:00","60day_msg","Prediction","4"
"18748","18748","COSMOS 1908","1988-001A","1988-001A","0","LARGE","CIS","2026-02-04 18:21:58","2026-04-05 0:00:00","60day_msg","Prediction","4"
"60139","60139","STARLINK-31867","2024-120E","2024-120E","0","LARGE","US","2026-03-18 19:42:04","2026-04-05 0:00:00","60day_msg","Prediction","4"
"62689","62689","LOGSATS","2025-009CJ","2025-009CJ","0","SMALL","THAI","2026-03-04 20:53:13","2026-04-05 0:00:00","60day_msg","Prediction","4"
"46117","46117","STARLINK-1585","2020-057A","2020-057A","0","LARGE","US","2026-03-04 20:53:13","2026-04-05 0:00:00","60day_msg","Prediction","4"
"53044","53044","STARLINK-4349","2022-077B","2022-077B","0","LARGE","US","2026-03-11 20:03:35","2026-04-05 0:00:00","60day_msg","Prediction","4"
"34313","34313","COSMOS 2251 DEB","1993-036NK","1993-036NK","0","SMALL","CIS","2026-03-18 19:42:04","2026-04-05 0:00:00","60day_msg","Prediction","4"
"61377","61377","CZ-6A DEB","2024-140WS","2024-140WS","0","SMALL","PRC","2026-02-11 18:50:01","2026-04-05 0:00:00","60day_msg","Prediction","4"
"67223","67223","ELECTRON R/B","2025-305E","2025-305E","0","","US","2026-02-25 20:29:49","2026-04-05 0:00:00","60day_msg","Prediction","4"
"44758","44758","STARLINK-1053","2019-074AX","2019-074AX","0","LARGE","US","2026-02-04 18:21:58","2026-04-05 0:00:00","60day_msg","Prediction","4"
"40750","40750","CZ-3B R/B","2015-037C","2015-037C","0","LARGE","PRC","2026-03-11 20:03:35","2026-04-05 0:00:00","60day_msg","Prediction","4"
"46557","46557","STARLINK-1679","2020-070AB","2020-070AB","0","LARGE","US","2026-02-04 18:21:58","2026-04-05 0:00:00","60day_msg","Prediction","4"
"62805","62805","CZ-3B R/B","2025-017B","2025-017B","0","LARGE","PRC","2026-03-25 19:48:12","2026-04-05 0:00:00","60day_msg","Prediction","4"
"62805","62805","CZ-3B R/B","2025-017B","2025-017B","0","LARGE","PRC","2026-03-18 19:42:04","2026-04-05 0:00:00","60day_msg","Prediction","4"
"60205","60205","OBJECT C","2024-125C","2024-125C","0","SMALL","US","2026-02-11 18:50:01","2026-04-04 0:00:00","60day_msg","Prediction","4"
"50843","50843","STARLINK-3325","2022-001AS","2022-001AS","0","LARGE","US","2026-03-11 20:03:35","2026-04-04 0:00:00","60day_msg","Prediction","4"
"41128","41128","NOAA 16 DEB","2000-055BK","2000-055BK","0","SMALL","US","2026-03-18 19:42:04","2026-04-04 0:00:00","60day_msg","Prediction","4"
"17717","17717","THORAD AGENA D DEB","1970-025PF","1970-025PF","0","SMALL","US","2026-02-04 18:21:58","2026-04-04 0:00:00","60day_msg","Prediction","4"
"45057","45057","STARLINK-1159","2020-006P","2020-006P","0","LARGE","US","2026-02-18 18:50:33","2026-04-04 0:00:00","60day_msg","Prediction","4"
"47622","47622","STARLINK-1645","2021-012C","2021-012C","0","LARGE","US","2026-02-25 20:29:49","2026-04-04 0:00:00","60day_msg","Prediction","4"
"18748","18748","COSMOS 1908","1988-001A","1988-001A","0","LARGE","CIS","2026-02-11 18:50:01","2026-04-04 0:00:00","60day_msg","Prediction","4"
"62397","62397","OBJECT W","2024-247W","2024-247W","0","SMALL","TBD","2026-02-18 18:50:33","2026-04-04 0:00:00","60day_msg","Prediction","4"
"61703","61703","STARLINK-32335","2024-195S","2024-195S","0","LARGE","US","2026-02-25 20:29:49","2026-04-04 0:00:00","60day_msg","Prediction","4"
