NORAD_CAT_ID,MSG_EPOCH,INSERT_EPOCH,DECAY_EPOCH,WINDOW,REV,DIRECTION,LAT,LON,INCL,NEXT_REPORT,ID,HIGH_INTEREST,OBJECT_NUMBER
"45413","2026-03-28 22:04:00","2026-03-28 22:16:21","2026-03-29 21:02:00","840","33436","descending","44.2","299.5","53","12","64509","N","45413"
"57425","2026-03-28 21:24:00","2026-03-28 21:36:21","2026-03-29 01:30:00","180","15118","descending","-69.3","350.3","97.3","2","64508","N","57425"
"46338","2026-03-28 20:19:00","2026-03-28 20:26:21","2026-03-29 01:03:00","180","30810","descending","26.9","183","53","2","64507","N","46338"
"57425","2026-03-28 16:18:00","2026-03-28 16:26:21","2026-03-29 02:39:00","480","15119","descending","-29.6","129.6","97.3","6","64506","N","57425"
"45699","2026-03-28 15:28:00","2026-03-28 15:36:35","2026-03-28 15:34:00","1","32356","descending","-50.8","74.6","53","0","64505","N","45699"
"45699","2026-03-28 14:13:00","2026-03-28 14:26:39","2026-03-28 15:01:00","60","32356","descending","25","309.5","53","0","64504","N","45699"
"46338","2026-03-28 10:26:00","2026-03-28 10:36:21","2026-03-28 22:54:00","420","30808","descending","-18.3","43.9","53","6","64503","N","46338"
"45699","2026-03-28 10:07:00","2026-03-28 10:16:30","2026-03-28 14:14:00","180","32355","descending","-35.3","129.9","53","2","64502","N","45699"
"58456","2026-03-28 08:09:00","2026-03-28 08:26:36","2026-03-31 10:37:00","1440","13129","descending","6.9","358.9","43","72","64501","N","58456"
"58522","2026-03-28 07:52:00","2026-03-28 08:06:48","2026-03-30 13:24:00","1440","12877","descending","41.5","58.1","43","48","64500","N","58522"
"46533","2026-03-28 06:36:00","2026-03-28 06:46:49","2026-03-30 17:54:00","1440","30359","descending","33.1","310.1","53","48","64499","N","46533"
"46338","2026-03-28 06:12:00","2026-03-28 06:26:40","2026-03-28 21:57:00","600","30808","descending","51","185","53","12","64498","N","46338"
"57425","2026-03-28 05:40:00","2026-03-28 05:46:23","2026-03-29 01:46:00","720","15118","descending","-7.1","327.8","97.3","12","64497","N","57425"
"45699","2026-03-28 04:27:00","2026-03-28 04:36:23","2026-03-28 15:22:00","660","32356","descending","-40.5","4.4","53","6","64496","N","45699"
"53269","2026-03-28 02:08:00","2026-03-28 02:16:49","2026-03-27 23:43:00","1","20428","descending","-43.4","212.5","53.2","0","64495","N","53269"
"45413","2026-03-27 23:27:00","2026-03-27 23:36:31","2026-03-29 17:36:00","1440","33433","descending","-2.5","216.9","53","24","64494","N","45413"
"53269","2026-03-27 22:15:00","2026-03-27 22:27:08","2026-03-27 23:58:00","60","20428","descending","-11","246.1","53.2","0","64493","N","53269"
"53269","2026-03-27 20:25:00","2026-03-27 20:36:21","2026-03-27 23:51:00","180","20428","descending","-32.3","228.1","53.2","2","64492","N","53269"
"45699","2026-03-27 19:16:00","2026-03-27 19:26:21","2026-03-28 17:16:00","720","32357","descending","-15.8","103.3","53","12","64491","N","45699"
"53269","2026-03-27 10:51:00","2026-03-27 10:56:48","2026-03-27 21:48:00","420","20427","descending","8.9","100.9","53.2","6","64490","N","53269"
"59080","2026-03-27 08:22:00","2026-03-27 08:27:01","2026-03-27 13:40:00","180","11853","descending","-30.3","270.1","43","2","64489","N","59080"
"46533","2026-03-27 07:50:00","2026-03-27 08:06:59","2026-03-31 07:54:00","2880","30368","descending","-27.3","270","53","72","64488","N","46533"
"59080","2026-03-27 06:06:00","2026-03-27 06:16:21","2026-03-27 13:52:00","300","11853","descending","-43","323.6","43","6","64487","N","59080"
"45699","2026-03-27 05:35:00","2026-03-27 05:46:37","2026-03-28 23:26:00","1440","32362","descending","38.6","58","53","24","64486","N","45699"
"46338","2026-03-27 05:01:00","2026-03-27 05:06:48","2026-03-29 03:37:00","1440","30812","descending","36.8","20.4","53","24","64485","N","46338"
"57425","2026-03-27 03:04:00","2026-03-27 03:16:38","2026-03-29 03:22:00","1440","15120","descending","24.5","299.6","97.3","24","64484","N","57425"
"46344","2026-03-27 02:16:00","2026-03-27 02:26:56","2026-03-29 15:29:00","1440","30854","descending","-32.1","350","53","48","64483","N","46344"
"53269","2026-03-26 21:27:00","2026-03-26 21:36:21","2026-03-27 20:41:00","840","20426","descending","-50.8","190.8","53.2","12","64482","N","53269"
"67753","2026-03-26 11:47:00","2026-03-26 12:16:22","2026-03-30 12:10:00","2880","729","descending","-65.6","230","97.5","72","64481","N","67753"
"38770","2026-03-26 09:55:00","2026-03-26 10:06:27","2026-03-28 09:56:00","1440","10631","descending","-51.3","148.1","64.6","24","64480","N","38770"
"48145","2026-03-26 09:46:00","2026-03-26 09:56:33","2026-03-26 07:58:00","1","27600","descending","15.5","89.9","53","0","64479","N","48145"
"46344","2026-03-26 09:18:00","2026-03-26 09:26:29","2026-03-28 09:16:00","1440","30834","descending","32.5","34.3","53","24","64478","N","46344"
"45413","2026-03-26 08:35:00","2026-03-26 08:46:48","2026-03-29 08:38:00","1440","33427","descending","-19.3","340.4","53","48","64477","N","45413"
"65414","2026-03-26 08:09:00","2026-03-26 08:17:09","2026-03-28 22:13:00","1440","3262","descending","52.4","39.6","53.1","48","64475","N","65414"
"48145","2026-03-26 08:10:00","2026-03-26 08:17:09","2026-03-26 11:45:00","120","27600","descending","-26","223","53","0","64476","N","48145"
"63555","2026-03-26 07:32:00","2026-03-26 07:56:29","2026-03-28 06:45:00","1440","5623","descending","-39.4","49.3","43","24","64474","N","63555"
"46533","2026-03-26 06:46:00","2026-03-26 06:56:36","2026-03-30 01:38:00","2880","30348","descending","34.2","199.9","53","72","64473","N","46533"
"53269","2026-03-26 06:27:00","2026-03-26 06:36:38","2026-03-27 12:46:00","1080","20421","descending","47","192.6","53.2","24","64472","N","53269"
"46712","2026-03-26 05:58:00","2026-03-26 06:06:21","2026-03-26 02:58:00","1","30067","descending","51.6","339.9","53","0","64470","N","46712"
"48145","2026-03-26 06:02:00","2026-03-26 06:06:21","2026-03-26 11:45:00","180","27600","descending","-26","223","53","2","64471","N","48145"
"45413","2026-03-26 02:54:00","2026-03-26 03:06:46","2026-03-29 22:10:00","2880","33437","descending","31.2","176","53","72","64469","N","45413"
"53150","2026-03-26 02:44:00","2026-03-26 02:56:41","2026-03-29 19:22:00","2880","20520","descending","32.4","50.7","53.2","72","64467","N","53150"
"57425","2026-03-26 02:47:00","2026-03-26 02:56:41","2026-03-29 03:01:00","1440","15119","descending","-61.4","321.6","97.3","48","64468","N","57425"
"65414","2026-03-26 02:13:00","2026-03-26 02:26:37","2026-03-29 10:50:00","2880","3270","descending","-52.2","25.5","53.1","72","64466","N","65414"
"48145","2026-03-26 02:05:00","2026-03-26 02:16:35","2026-03-26 11:39:00","360","27600","descending","-7.9","209","53","6","64465","N","48145"
"46338","2026-03-26 00:48:00","2026-03-26 01:26:22","2026-03-29 00:35:00","1440","30810","descending","21.7","50","53","48","64464","N","46338"
"46712","2026-03-25 23:26:00","2026-03-25 23:36:23","2026-03-26 19:50:00","720","30067","descending","-53.1","243.3","53","12","64463","N","46712"
"59080","2026-03-25 22:46:00","2026-03-25 22:56:46","2026-03-27 08:32:00","1440","11850","descending","43.1","217.9","43","24","64462","N","59080"
"46157","2026-03-25 17:50:00","2026-03-25 18:06:30","2026-03-22 20:35:00","180","30959","descending","23.8","39.1","53","0","64461","N","46157"
"38770","2026-03-25 14:35:00","2026-03-25 15:26:21","2026-03-28 07:13:00","1440","10629","descending","-7.3","222.5","64.6","48","64460","N","38770"
"45699","2026-03-25 14:29:00","2026-03-25 14:46:35","2026-03-28 13:44:00","1440","32355","descending","-11.4","358.3","53","48","64458","N","45699"
"53269","2026-03-25 14:41:00","2026-03-25 14:46:35","2026-03-28 11:43:00","1440","20436","descending","-18.7","60.6","53.2","48","64459","N","53269"
"48145","2026-03-25 13:42:00","2026-03-25 13:56:37","2026-03-26 13:52:00","840","27602","descending","12","358.3","53","12","64457","N","48145"
"52474","2026-03-25 10:57:00","2026-03-25 11:06:34","2026-03-25 08:00:00","1","21508","descending","-21.5","208.6","53.2","0","64456","N","52474"
"49180","2026-03-25 09:17:00","2026-03-25 09:26:22","2026-03-25 07:32:00","1","25046","descending","-40.3","261.8","70","0","64455","N","49180"
"46338","2026-03-25 07:01:00","2026-03-25 07:06:36","2026-03-29 04:00:00","2880","30812","descending","26.7","138.1","53","72","64454","N","46338"
"46712","2026-03-25 06:49:00","2026-03-25 06:56:37","2026-03-26 22:27:00","1440","30069","descending","-6","119.3","53","24","64453","N","46712"
"52474","2026-03-25 06:22:00","2026-03-25 06:36:36","2026-03-25 08:29:00","120","21508","descending","-40.6","325.9","53.2","0","64452","N","52474"
"49180","2026-03-25 05:38:00","2026-03-25 05:46:22","2026-03-25 06:38:00","60","25046","descending","64.6","344.4","70","0","64451","N","49180"
"52474","2026-03-25 03:07:00","2026-03-25 03:16:37","2026-03-25 07:48:00","180","21508","descending","33.1","166.9","53.2","2","64450","N","52474"
"53269","2026-03-25 02:00:00","2026-03-25 02:16:51","2026-03-28 09:11:00","1440","20435","descending","51.4","182.9","53.2","72","64449","N","53269"
"38770","2026-03-25 01:38:00","2026-03-25 02:06:39","2026-03-28 15:20:00","2880","10635","descending","5.9","279.7","64.6","72","64448","N","38770"
"45699","2026-03-25 00:50:00","2026-03-25 00:56:21","2026-03-28 17:06:00","2880","32357","descending","-43.9","72","53","72","64447","N","45699"
"47643","2026-03-24 23:50:00","2026-03-25 00:06:21","2026-03-24 18:04:00","60","28371","descending","-25.1","8.1","53","0","64446","N","47643"
"49180","2026-03-24 23:35:00","2026-03-24 23:46:34","2026-03-25 06:00:00","240","25045","descending","-68.4","238","70","2","64445","N","49180"
"48145","2026-03-24 23:27:00","2026-03-24 23:36:36","2026-03-26 21:03:00","1440","27606","descending","-22.9","221.1","53","24","64444","N","48145"
"46712","2026-03-24 22:51:00","2026-03-24 22:56:35","2026-03-27 00:12:00","1440","30070","descending","-50.7","154.5","53","48","64443","N","46712"
"52474","2026-03-24 21:42:00","2026-03-24 21:56:25","2026-03-25 09:03:00","420","21509","descending","53.3","84.3","53.2","6","64442","N","52474"
"47643","2026-03-24 16:52:00","2026-03-24 17:06:51","2026-03-24 18:28:00","60","28371","descending","-36","128.2","53","0","64441","N","47643"
"47643","2026-03-24 15:40:00","2026-03-24 15:46:56","2026-03-24 20:04:00","300","28372","descending","-10.6","128.7","53","2","64440","N","47643"
"49180","2026-03-24 15:20:00","2026-03-24 15:27:47","2026-03-25 03:18:00","420","25043","descending","-24","335.9","70","6","64439","N","49180"
"63555","2026-03-24 15:08:00","2026-03-24 15:17:34","2026-03-26 18:33:00","1440","5599","descending","-29.2","161.2","43","48","64438","N","63555"
"47643","2026-03-24 13:34:00","2026-03-24 13:46:22","2026-03-24 22:14:00","420","28374","descending","13.5","273.1","53","6","64437","N","47643"
"68320","2026-03-24 12:18:00","2026-03-24 13:16:21","2026-03-24 07:34:00","1","29","descending","-43.5","16.1","51.6","0","64436","N","68320"
"55408","2026-03-24 12:36:00","2026-03-24 12:46:21","2026-03-24 08:12:00","1","17474","descending","-19.7","55.4","70","0","64435","N","55408"
"47643","2026-03-24 09:29:00","2026-03-24 09:36:34","2026-03-25 04:51:00","720","28378","descending","-11.3","353.9","53","12","64434","N","47643"
"55408","2026-03-24 09:11:00","2026-03-24 09:26:34","2026-03-24 10:06:00","60","17474","descending","62.9","80.4","70","0","64433","N","55408"
"68320","2026-03-24 05:55:00","2026-03-24 06:16:21","2026-03-24 07:23:00","120","29","descending","-40","289.6","51.6","0","64432","N","68320"
"50206","2026-03-24 04:30:00","2026-03-24 04:46:26","2026-03-23 21:39:00","120","23711","descending","-47.9","242.8","53.2","0","64431","N","50206"
"68320","2026-03-24 03:24:00","2026-03-24 04:16:21","2026-03-24 07:10:00","240","29","descending","-0.9","252.3","51.6","2","64430","N","68320"
"46362","2026-03-24 03:45:00","2026-03-24 03:56:20","2026-03-23 19:22:00","60","30821","descending","-0.2","255.9","53","0","64429","N","46362"
"55408","2026-03-24 03:34:00","2026-03-24 03:46:34","2026-03-24 09:18:00","180","17473","descending","-47.2","250.5","70","2","64428","N","55408"
"59080","2026-03-24 02:54:00","2026-03-24 03:06:52","2026-03-26 02:37:00","1440","11830","descending","43","313.8","43","24","64427","N","59080"
"46344","2026-03-23 23:49:00","2026-03-23 23:56:53","2026-03-27 14:20:00","2880","30821","descending","-50.1","108","53","72","64426","N","46344"
"63555","2026-03-23 23:09:00","2026-03-23 23:26:35","2026-03-27 07:27:00","2880","5608","descending","38.1","230.4","43","72","64425","N","63555"
"68320","2026-03-23 21:29:00","2026-03-23 22:06:29","2026-03-24 07:02:00","360","29","descending","24","233.1","51.6","6","64424","N","68320"
"55408","2026-03-23 21:51:00","2026-03-23 21:56:37","2026-03-24 09:41:00","420","17473","descending","-29.2","29.8","70","6","64423","N","55408"
"50206","2026-03-23 20:43:00","2026-03-23 20:56:21","2026-03-23 21:39:00","120","23711","descending","-47.9","242.8","53.2","0","64422","N","50206"
"52474","2026-03-23 18:48:00","2026-03-23 18:56:36","2026-03-23 20:25:00","360","21484","descending","53","277.9","53.2","0","64421","N","52474"
"38770","2026-03-23 17:12:00","2026-03-23 18:16:24","2026-03-27 08:12:00","2880","10614","descending","17","27.5","64.6","72","64419","N","38770"
"46362","2026-03-23 18:12:00","2026-03-23 18:16:24","2026-03-23 19:18:00","60","30821","descending","14.2","246","53","0","64420","N","46362"
"50206","2026-03-23 16:43:00","2026-03-23 16:46:50","2026-03-23 21:58:00","240","23711","descending","-25.9","341.3","53.2","2","64418","N","50206"
"48145","2026-03-23 16:05:00","2026-03-23 16:16:49","2026-03-26 06:54:00","1440","27597","descending","49","216.2","53","48","64417","N","48145"
"47643","2026-03-23 15:01:00","2026-03-23 15:06:44","2026-03-25 11:30:00","1440","28383","descending","8.7","74.4","53","24","64416","N","47643"
"55408","2026-03-23 14:40:00","2026-03-23 14:46:38","2026-03-24 12:41:00","840","17475","descending","-16.1","350.1","70","12","64415","N","55408"
"52474","2026-03-23 13:59:00","2026-03-23 14:06:53","2026-03-23 20:25:00","360","21484","descending","53","277.9","53.2","2","64414","N","52474"
"52474","2026-03-23 13:23:00","2026-03-23 13:36:22","2026-03-23 20:25:00","360","21484","descending","53","277.9","53.2","6","64413","N","52474"
"46362","2026-03-23 13:08:00","2026-03-23 13:16:23","2026-03-23 19:18:00","240","30821","descending","13","246.8","53","2","64412","N","46362"
"50206","2026-03-23 11:56:00","2026-03-23 12:06:38","2026-03-23 22:32:00","360","23712","descending","49.7","112.3","53.2","6","64411","N","50206"
"46362","2026-03-23 10:23:00","2026-03-23 10:26:39","2026-03-23 19:06:00","300","30821","descending","47.1","206.2","53","6","64410","N","46362"
"52474","2026-03-23 09:04:00","2026-03-23 09:16:29","2026-03-24 01:14:00","660","21487","descending","-14.6","314.2","53.2","12","64409","N","52474"
"50206","2026-03-23 04:17:00","2026-03-23 04:26:21","2026-03-23 23:54:00","720","23713","descending","52.9","53.2","53.2","12","64407","N","50206"
"55408","2026-03-22 23:51:00","2026-03-22 23:56:21","2026-03-25 00:00:00","1440","17483","descending","-50.6","30.5","70","24","64406","N","55408"
"46362","2026-03-22 21:17:00","2026-03-22 21:26:37","2026-03-23 18:48:00","780","30821","descending","32.3","112.7","53","12","64405","N","46362"
"46157","2026-03-22 20:11:00","2026-03-22 20:36:47","2026-03-22 20:35:00","180","30959","descending","23.8","39.1","53","0","64404","N","46157"
"48145","2026-03-22 18:14:00","2026-03-22 18:26:37","2026-03-25 21:00:00","2880","27590","descending","-30.9","93.4","53","72","64403","N","48145"
"45756","2026-03-22 17:26:00","2026-03-22 17:36:32","2026-03-22 09:29:00","120","32076","descending","30.3","53.1","53","0","64402","N","45756"
"49180","2026-03-22 13:05:00","2026-03-22 13:16:32","2026-03-22 21:19:00","600","25007","descending","70","176.1","70","6","64401","N","49180"
"50206","2026-03-22 03:01:00","2026-03-22 11:16:45","2026-03-23 22:11:00","1440","23712","descending","15.3","11.1","53.2","24","64392","N","50206"
"46362","2026-03-22 03:11:00","2026-03-22 11:16:45","2026-03-24 03:29:00","1440","30827","descending","4.2","315","53","24","64393","N","46362"
"46712","2026-03-22 04:31:00","2026-03-22 11:16:45","2026-03-25 18:39:00","2880","30050","descending","-51.9","251.9","53","72","64394","N","46712"
"45756","2026-03-22 04:14:00","2026-03-22 11:16:45","2026-03-22 10:28:00","180","32075","descending","-53.1","280.8","53","2","64395","N","45756"
"47556","2026-03-22 04:34:00","2026-03-22 11:16:45","2026-03-21 23:32:00","1","28356","descending","-33.1","58.4","53","0","64396","N","47556"
"56486","2026-03-22 04:43:00","2026-03-22 11:16:45","2026-03-22 01:32:00","1","15800","descending","-52.2","205.2","70","0","64397","N","56486"
"46157","2026-03-22 06:40:00","2026-03-22 11:16:45","2026-03-22 18:34:00","420","30957","descending","-51.7","302.3","53","6","64398","N","46157"
"38046","2026-03-22 07:30:00","2026-03-22 11:16:45","2026-03-22 04:25:00","1","79071","descending","-73.3","295.7","97.1","0","64399","N","38046"
"45756","2026-03-22 08:36:00","2026-03-22 11:16:45","2026-03-22 10:50:00","120","32076","descending","0.9","8.1","53","0","64400","N","45756"
"55408","2026-03-22 04:06:00","2026-03-22 04:16:21","2026-03-24 23:54:00","1440","17483","descending","-22.6","14.5","70","48","64391","N","55408"
"47643","2026-03-22 03:58:00","2026-03-22 04:06:37","2026-03-24 22:15:00","1440","28374","descending","2.5","281.2","53","48","64390","N","47643"
"49180","2026-03-22 02:30:00","2026-03-22 02:46:51","2026-03-23 02:02:00","780","25010","descending","-0.3","193.1","70","12","64389","N","49180"
"52474","2026-03-22 02:30:00","2026-03-22 02:36:57","2026-03-23 01:48:00","900","21471","descending","-47.1","354","53.2","12","64388","N","52474"
"38046","2026-03-22 02:01:00","2026-03-22 02:16:55","2026-03-22 03:58:00","60","79071","descending","29.6","103.4","97.1","0","64387","N","38046"
"56486","2026-03-22 01:45:00","2026-03-22 01:56:35","2026-03-22 01:34:00","180","15800","descending","-55.6","201.3","70","0","64386","N","56486"
"38046","2026-03-21 22:46:00","2026-03-21 22:56:36","2026-03-22 04:57:00","240","79072","descending","35.3","259.5","97.1","2","64385","N","38046"
"45756","2026-03-21 22:29:00","2026-03-21 22:46:35","2026-03-22 10:07:00","420","32075","descending","-1.3","199.6","53","6","64383","N","45756"
"56486","2026-03-21 22:32:00","2026-03-21 22:46:35","2026-03-22 01:34:00","180","15800","descending","-55.6","201.3","70","2","64384","N","56486"
"47556","2026-03-21 21:58:00","2026-03-21 22:06:24","2026-03-21 23:30:00","60","28356","descending","-50.7","23.4","53","0","64382","N","47556"
"59080","2026-03-21 19:18:00","2026-03-21 19:26:34","2026-03-24 15:35:00","1440","11806","descending","-39.2","343.1","43","48","64381","N","59080"
"45111","2026-03-21 18:39:00","2026-03-21 19:06:34","2026-03-21 13:35:00","29","10385","descending","-49","99.4","69.9","0","64380","N","45111"
"38046","2026-03-21 18:29:00","2026-03-21 18:36:21","2026-03-22 05:41:00","360","79072","descending","-36.3","68.2","97.1","6","64379","N","38046"
"56486","2026-03-21 17:31:00","2026-03-21 17:46:23","2026-03-22 04:08:00","600","15802","descending","-26","24.8","70","6","64378","N","56486"
"47556","2026-03-21 17:20:00","2026-03-21 17:26:28","2026-03-21 22:49:00","180","28356","descending","44.7","232.2","53","2","64377","N","47556"
"45756","2026-03-21 14:45:00","2026-03-21 14:56:50","2026-03-22 13:18:00","1020","32077","descending","-46.9","203","53","12","64376","N","45756"
"45111","2026-03-21 12:23:00","2026-03-21 13:16:22","2026-03-21 13:35:00","60","10385","descending","-50.6","98","69.9","0","64375","N","45111"
"47556","2026-03-21 12:30:00","2026-03-21 12:36:22","2026-03-21 23:14:00","360","28356","descending","-30.5","300","53","6","64374","N","47556"
"45111","2026-03-21 09:32:00","2026-03-21 10:16:20","2026-03-21 13:34:00","180","10385","descending","-55","93.3","69.9","2","64373","N","45111"
"47643","2026-03-21 09:33:00","2026-03-21 09:56:21","2026-03-25 05:26:00","2880","28379","descending","38.4","136.8","53","72","64372","N","47643"
"38046","2026-03-21 09:33:00","2026-03-21 09:46:23","2026-03-22 07:34:00","840","79073","descending","-42.8","231.8","97.1","12","64371","N","38046"
"55408","2026-03-21 04:10:00","2026-03-21 04:16:21","2026-03-25 02:55:00","2880","17485","descending","-35.4","335","70","72","64370","N","55408"
"46362","2026-03-21 03:57:00","2026-03-21 04:06:21","2026-03-24 02:33:00","1440","30825","descending","36.3","112.6","53","48","64369","N","46362"
"56486","2026-03-21 02:38:00","2026-03-21 02:46:52","2026-03-22 02:49:00","900","15801","descending","-58.4","70.6","70","12","64368","N","56486"
"49180","2026-03-21 02:24:00","2026-03-21 02:36:36","2026-03-22 02:51:00","960","24994","descending","-62.2","321.3","70","12","64367","N","49180"
"45111","2026-03-21 01:53:00","2026-03-21 02:16:37","2026-03-21 13:35:00","420","10385","descending","-51.4","97.2","69.9","6","64366","N","45111"
"45111","2026-03-20 15:26:00","2026-03-20 21:06:21","2026-03-21 13:53:00","780","10386","descending","18","126.5","69.9","12","64365","N","45111"
"45756","2026-03-20 18:54:00","2026-03-20 19:06:35","2026-03-22 14:47:00","1440","32078","descending","-47","181","53","24","64364","N","45756"
"47556","2026-03-20 17:34:00","2026-03-20 17:46:21","2026-03-21 17:12:00","900","28352","descending","-3.9","8.8","53","12","64363","N","47556"
"50206","2026-03-20 17:20:00","2026-03-20 17:26:21","2026-03-23 19:26:00","1440","23710","descending","49.2","100.7","53.2","48","64362","N","50206"
"38046","2026-03-20 17:02:00","2026-03-20 17:16:33","2026-03-22 07:41:00","1380","79073","descending","-13.9","225.3","97.1","24","64361","N","38046"
"56486","2026-03-20 16:58:00","2026-03-20 17:06:37","2026-03-22 02:27:00","1320","15801","descending","24.6","30.6","70","24","64360","N","56486"
"49180","2026-03-20 10:10:00","2026-03-20 10:16:22","2026-03-21 10:38:00","840","24983","descending","-45.6","229.2","70","12","64359","N","49180"
"46157","2026-03-20 05:31:00","2026-03-20 05:46:24","2026-03-21 05:19:00","840","30932","descending","12.2","70.5","53","12","64358","N","46157"
"45111","2026-03-19 22:21:00","2026-03-19 23:16:42","2026-03-22 07:38:00","1440","10398","descending","29.9","222.3","69.9","48","64357","N","45111"
"47556","2026-03-19 22:03:00","2026-03-19 22:16:23","2026-03-21 19:53:00","1440","28354","descending","41.1","284.1","53","24","64356","N","47556"
"49180","2026-03-19 19:41:00","2026-03-19 19:46:24","2026-03-20 19:58:00","900","24973","descending","-7.5","110.8","70","12","64355","N","49180"
"59080","2026-03-19 16:46:00","2026-03-19 16:56:23","2026-03-22 16:41:00","1440","11775","descending","6.3","214.8","43","48","64354","N","59080"
"45756","2026-03-19 16:03:00","2026-03-19 16:16:43","2026-03-22 15:31:00","1440","32079","descending","49.4","357.1","53","48","64353","N","45756"
"52474","2026-03-19 15:14:00","2026-03-19 15:26:35","2026-03-20 15:21:00","960","21432","descending","53.2","17.2","53.2","12","64352","N","52474"
"52474","2026-03-19 05:20:00","2026-03-19 05:26:22","2026-03-20 10:29:00","1080","21428","descending","-14.4","356.6","53.2","6","64351","N","52474"
"58039","2026-03-19 03:58:00","2026-03-19 04:06:24","2026-03-19 03:15:00","1","13666","descending","-44.8","196.8","53.1","0","64350","N","58039"
"49423","2026-03-19 02:45:00","2026-03-19 02:56:50","2026-03-22 17:20:00","2880","24083","descending","-25.9","53.3","53.2","72","64349","N","49423"
"46362","2026-03-19 02:26:00","2026-03-19 02:36:50","2026-03-23 06:26:00","2880","30812","descending","-50.1","209.3","53","72","64348","N","46362"
"58039","2026-03-19 01:54:00","2026-03-19 02:06:39","2026-03-19 03:43:00","60","13667","descending","4.5","243.7","53.1","0","64347","N","58039"
"38046","2026-03-19 00:56:00","2026-03-19 01:07:53","2026-03-21 22:07:00","1440","79067","descending","-1.6","186.6","97.2","48","64346","N","38046"
"52474","2026-03-18 23:27:00","2026-03-18 23:36:55","2026-03-19 23:15:00","840","21421","descending","34.5","328.2","53.2","12","64345","N","52474"
"49180","2026-03-17 23:10:00","2026-03-18 22:36:44","2026-03-19 23:20:00","1440","24959","descending","60","104.9","70","24","64338","N","49180"
"58071","2026-03-18 01:21:00","2026-03-18 22:36:44","2026-03-21 23:06:00","2880","13909","descending","42.9","295.3","43","72","64339","N","58071"
"46581","2026-03-18 00:20:00","2026-03-18 22:36:44","2026-03-17 22:10:00","1","30218","descending","9.1","61.8","53","0","64340","N","46581"
"67235","2026-03-18 02:48:00","2026-03-18 22:36:44","2026-03-18 14:50:00","420","1307","descending","-16.7","239.3","97.9","6","64341","N","67235"
"58071","2026-03-18 06:56:00","2026-03-18 22:36:44","2026-03-18 16:49:00","360","13856","descending","35.3","88.4","43","12","64342","N","58071"
"67235","2026-03-18 08:49:00","2026-03-18 22:36:44","2026-03-18 14:56:00","240","1306","descending","-42.1","233","97.9","2","64343","N","67235"
"67235","2026-03-18 13:21:00","2026-03-18 22:36:44","2026-03-18 15:23:00","60","1307","descending","-25.7","57.1","97.9","0","64344","N","67235"
"50206","2026-03-18 12:49:00","2026-03-18 12:56:31","2026-03-21 21:22:00","2880","23679","descending","5.7","28.6","53.2","72","64337","N","50206"
"58071","2026-03-18 10:09:00","2026-03-18 10:16:36","2026-03-18 16:49:00","300","13856","descending","35.3","88.4","43","0","64336","N","58071"
"45756","2026-03-18 07:24:00","2026-03-18 07:27:57","2026-03-22 00:04:00","2880","32068","descending","-52.2","67.2","53","72","64335","N","45756"
"58071","2026-03-18 06:59:00","2026-03-18 07:06:59","2026-03-18 16:49:00","360","13856","descending","35.3","88.4","43","6","64334","N","58071"
"58039","2026-03-17 23:26:00","2026-03-17 23:36:42","2026-03-22 17:30:00","2880","13725","descending","28","33","53.1","72","64333","N","58039"
"57980","2026-03-17 21:48:00","2026-03-17 21:56:39","2026-03-17 13:02:00","1","13854","descending","-24.4","354.1","43","0","64332","N","57980"
"67235","2026-03-17 18:58:00","2026-03-17 19:16:38","2026-03-18 13:17:00","660","1306","descending","3.3","265.3","97.9","12","64331","N","67235"
"46581","2026-03-17 19:02:00","2026-03-17 19:06:39","2026-03-17 20:54:00","420","30217","descending","-10.6","97.5","53","0","64330","N","46581"
"46581","2026-03-17 08:35:00","2026-03-17 18:47:17","2026-03-17 19:54:00","420","30216","descending","-38.3","248.4","53","6","64328","N","46581"
"58768","2026-03-17 09:50:00","2026-03-17 18:47:17","2026-03-17 15:32:00","180","12169","descending","-39.2","133.2","53.1","2","64329","N","58768"
"67132","2026-03-17 04:04:00","2026-03-17 16:26:32","2026-03-17 09:50:00","240","1444","descending","66.7","185.3","97.5","2","64327","N","67132"
"57980","2026-03-17 11:20:00","2026-03-17 11:46:41","2026-03-18 02:44:00","600","13863","descending","-24.9","266.9","43","12","64326","N","57980"
"52376","2026-03-17 10:27:00","2026-03-17 10:56:40","2026-03-17 07:31:00","1","21740","descending","18.4","217.9","53.2","0","64325","N","52376"
"46157","2026-03-17 08:05:00","2026-03-17 09:06:23","2026-03-18 22:43:00","1380","30895","descending","-53.1","280.4","53","24","64323","N","46157"
"67132","2026-03-17 08:28:00","2026-03-17 09:06:23","2026-03-17 10:04:00","60","1444","descending","56.6","31","97.5","0","64324","N","67132"
"52376","2026-03-17 06:21:00","2026-03-17 07:47:04","2026-03-17 07:36:00","60","21740","descending","17.4","217.1","53.2","0","64322","N","52376"
"52376","2026-03-17 01:51:00","2026-03-17 01:56:24","2026-03-17 07:21:00","240","21739","descending","-28","183.9","53.2","2","64321","N","52376"
"58768","2026-03-17 01:42:00","2026-03-17 01:46:23","2026-03-17 13:57:00","480","12168","descending","-21.7","137.1","53.1","6","64320","N","58768"
"53269","2026-03-17 01:16:00","2026-03-17 01:26:24","2026-03-20 15:07:00","2880","20309","descending","-52.6","356.9","53.2","72","64319","N","53269"
"56486","2026-03-17 01:02:00","2026-03-17 01:06:43","2026-03-20 22:36:00","2880","15782","descending","-20.9","110.7","70","72","64318","N","56486"
"47556","2026-03-16 23:43:00","2026-03-16 23:48:14","2026-03-20 14:45:00","2880","28334","descending","-48","105.9","53","72","64317","N","47556"
"67132","2026-03-16 22:44:00","2026-03-16 23:06:59","2026-03-17 10:30:00","420","1444","descending","-52.4","3.2","97.5","6","64316","N","67132"
"52474","2026-03-15 04:14:00","2026-03-16 22:56:51","2026-03-18 09:05:00","1440","21395","descending","-31.6","13.7","53.2","72","64310","N","52474"
"52474","2026-03-15 10:09:00","2026-03-16 22:56:51","2026-03-17 10:25:00","1440","21380","descending","-14","217.9","53.2","24","64311","N","52474"
"67235","2026-03-15 10:32:00","2026-03-16 22:56:51","2026-03-18 11:01:00","1440","1304","descending","-13.3","120.7","97.9","48","64312","N","67235"
"40735","2026-03-16 01:27:00","2026-03-16 22:56:51","2026-03-16 12:44:00","1440","12412","descending","-3.9","293.2","3.9","6","64313","N","40735"
"58474","2026-03-16 08:05:00","2026-03-16 22:56:51","2026-03-16 07:35:00","1","12951","descending","1.8","251.2","43","0","64314","N","58474"
"40735","2026-03-16 10:32:00","2026-03-16 22:56:51","2026-03-16 12:44:00","1440","12412","descending","-3.9","293.2","3.9","0","64315","N","40735"
"46581","2026-03-16 22:16:00","2026-03-16 22:26:37","2026-03-17 18:04:00","720","30215","descending","-30.7","159.1","53","12","64309","N","46581"
"52376","2026-03-16 21:31:00","2026-03-16 21:36:24","2026-03-17 09:38:00","540","21741","descending","9.9","344.9","53.2","6","64308","N","52376"
"67132","2026-03-16 17:47:00","2026-03-16 18:06:40","2026-03-17 10:57:00","660","1444","descending","-16.9","188.5","97.5","12","64307","N","67132"
"49180","2026-03-16 17:04:00","2026-03-16 17:16:39","2026-03-18 15:26:00","1440","24937","descending","-68.2","75.1","70","24","64306","N","49180"
"67235","2026-03-16 16:18:00","2026-03-16 17:06:41","2026-03-18 09:26:00","1440","1303","descending","-44.9","150.5","97.9","24","64305","N","67235"
"40735","2026-03-16 15:15:00","2026-03-16 15:26:54","2026-03-16 09:03:00","1","12412","descending","-2.8","296.1","3.9","0","64304","N","40735"
"52376","2026-03-16 10:20:00","2026-03-16 10:36:23","2026-03-17 08:02:00","780","21740","descending","38","341.4","53.2","12","64303","N","52376"
"59080","2026-03-16 07:15:00","2026-03-16 07:26:43","2026-03-20 02:52:00","2880","11734","descending","38.5","29.4","43","72","64302","N","59080"
"40735","2026-03-16 07:04:00","2026-03-16 07:16:37","2026-03-16 12:44:00","1440","12412","descending","-3.9","293.2","3.9","2","64301","N","40735"
"58474","2026-03-16 06:44:00","2026-03-16 06:56:40","2026-03-16 12:59:00","720","12951","descending","-10.2","0.1","43","2","64300","N","58474"
"46581","2026-03-16 03:20:00","2026-03-16 03:26:37","2026-03-17 23:12:00","1440","30219","descending","28.6","258.5","53","24","64299","N","46581"
"40735","2026-03-15 12:41:00","2026-03-15 12:56:32","2026-03-16 12:44:00","1440","12412","descending","-3.9","293.2","3.9","12","64298","N","40735"
"67132","2026-03-15 10:28:00","2026-03-15 11:07:00","2026-03-17 10:48:00","1440","1444","descending","-56","199.6","97.5","24","64296","N","67132"
"49180","2026-03-15 10:58:00","2026-03-15 11:07:00","2026-03-18 11:10:00","1440","24934","descending","-26.3","244.4","70","48","64297","N","49180"
"52376","2026-03-15 09:57:00","2026-03-15 10:06:24","2026-03-17 02:49:00","1440","21736","descending","-46.6","224.6","53.2","24","64295","N","52376"
"68021","2026-03-15 03:52:00","2026-03-15 04:06:26","2026-03-17 23:15:00","1440","266","descending","-25.6","40.3","97.3","48","64294","N","68021"
"67235","2026-03-14 21:11:00","2026-03-14 22:06:22","2026-03-18 14:00:00","2880","1306","descending","-8.8","75.3","97.9","72","64293","N","67235"
"67132","2026-03-14 17:36:00","2026-03-14 18:16:23","2026-03-17 15:24:00","1440","1447","descending","-14.5","121.5","97.5","48","64292","N","67132"
"25262","2026-03-14 15:29:00","2026-03-14 15:36:52","2026-03-14 10:57:00","1","48912","descending","35.8","118.8","86.3","0","64291","N","25262"
"40735","2026-03-14 10:58:00","2026-03-14 11:06:50","2026-03-16 06:47:00","1440","12408","descending","-1","93.6","3.9","24","64290","N","40735"
"25262","2026-03-14 09:27:00","2026-03-14 09:36:25","2026-03-14 10:53:00","60","48912","descending","75.7","109.2","86.3","0","64289","N","25262"
"58474","2026-03-14 06:08:00","2026-03-14 06:16:22","2026-03-16 06:06:00","1440","12947","descending","2.5","276.7","43","24","64288","N","58474"
"25262","2026-03-14 04:55:00","2026-03-14 05:06:41","2026-03-14 10:56:00","240","48912","descending","64.1","115.5","86.3","2","64287","N","25262"
"46157","2026-03-14 03:18:00","2026-03-14 03:26:56","2026-03-17 03:18:00","1440","30866","descending","-48.6","193.8","53","48","64286","N","46157"
"40735","2026-03-13 21:59:00","2026-03-13 22:16:22","2026-03-16 06:47:00","1440","12408","descending","-1","93.6","3.9","48","64283","N","40735"
"52376","2026-03-13 22:03:00","2026-03-13 22:16:22","2026-03-16 12:04:00","1440","21726","descending","-46.8","89.2","53.2","48","64284","N","52376"
"46581","2026-03-13 22:05:00","2026-03-13 22:16:22","2026-03-16 20:42:00","1440","30201","descending","47.9","334.6","53","48","64285","N","46581"
"25262","2026-03-13 21:54:00","2026-03-13 22:06:21","2026-03-14 10:13:00","420","48911","descending","-60.2","307.5","86.3","6","64282","N","25262"
"52474","2026-03-13 21:51:00","2026-03-13 21:56:23","2026-03-15 08:39:00","1440","21347","descending","44","112.5","53.2","24","64281","N","52474"
"63801","2026-03-13 17:21:00","2026-03-13 17:36:35","2026-03-13 12:38:00","36","4984","descending","-3.1","317.2","41.5","0","64280","N","63801"
"63801","2026-03-13 10:41:00","2026-03-13 10:56:52","2026-03-13 11:57:00","60","4984","descending","-0.1","145","41.5","0","64279","N","63801"
"68099","2026-03-13 08:52:00","2026-03-13 09:16:36","2026-03-13 06:44:00","1","115","descending","25.9","285.7","42","0","64278","N","68099"
"68099","2026-03-13 07:08:00","2026-03-13 08:16:31","2026-03-13 06:14:00","43","115","descending","-5.7","141.2","42","0","64276","N","68099"
"46336","2026-03-13 08:05:00","2026-03-13 08:16:31","2026-03-13 02:45:00","1","30626","descending","-52.8","328.8","53","0","64277","N","46336"
"46336","2026-03-13 07:51:00","2026-03-13 08:06:50","2026-03-13 02:45:00","600","30626","descending","-52.8","328.8","53","0","64275","N","46336"
"44925","2026-03-13 07:41:00","2026-03-13 07:46:54","2026-03-13 01:03:00","1","34188","descending","33","65.5","53","0","64274","N","44925"
"25262","2026-03-13 07:29:00","2026-03-13 07:37:04","2026-03-14 10:59:00","960","48912","descending","46.9","118.2","86.3","12","64273","N","25262"
"46336","2026-03-13 07:15:00","2026-03-13 07:26:40","2026-03-13 11:36:00","600","30626","descending","-53","180.2","53","2","64272","N","46336"
"63801","2026-03-13 06:02:00","2026-03-13 06:26:35","2026-03-13 11:57:00","720","4984","descending","-0.1","145","41.5","2","64270","N","63801"
"46581","2026-03-13 06:15:00","2026-03-13 06:26:35","2026-03-16 22:45:00","2880","30202","descending","-20.7","84.1","53","72","64271","N","46581"
"67132","2026-03-13 05:55:00","2026-03-13 06:06:21","2026-03-17 05:58:00","2880","1441","descending","-21","78.1","97.5","72","64269","N","67132"
"68100","2026-03-13 04:28:00","2026-03-13 05:16:20","2026-03-12 23:23:00","1","110","descending","32","28.8","42.1","0","64268","N","68100"
"46336","2026-03-13 03:38:00","2026-03-13 03:46:21","2026-03-13 13:24:00","660","30627","descending","-10.8","240.7","53","6","64267","N","46336"
"63801","2026-03-13 03:25:00","2026-03-13 03:36:35","2026-03-13 11:59:00","720","4984","descending","5.2","150.5","41.5","6","64266","N","63801"
"68099","2026-03-13 02:29:00","2026-03-13 03:06:49","2026-03-13 06:14:00","180","115","descending","-5.7","141.2","42","2","64265","N","68099"
"44925","2026-03-13 02:23:00","2026-03-13 02:36:47","2026-03-13 03:18:00","120","34188","descending","-32.8","211.9","53","0","64264","N","44925"
"46336","2026-03-12 21:54:00","2026-03-12 22:06:21","2026-03-13 13:24:00","660","30627","descending","-10.8","240.7","53","12","64262","N","46336"
"68100","2026-03-12 21:56:00","2026-03-12 22:06:21","2026-03-12 23:23:00","420","110","descending","32","28.8","42.1","0","64263","N","68100"
"68100","2026-03-12 18:32:00","2026-03-12 19:16:36","2026-03-12 23:23:00","420","110","descending","32","28.8","42.1","2","64259","N","68100"
"68099","2026-03-12 18:35:00","2026-03-12 19:16:36","2026-03-13 04:34:00","660","114","descending","-32.4","128.2","42","6","64260","N","68099"
"68021","2026-03-12 19:11:00","2026-03-12 19:16:36","2026-03-14 04:18:00","1380","205","descending","-25.6","324.2","97.3","24","64261","N","68021"
"44925","2026-03-12 18:45:00","2026-03-12 18:56:37","2026-03-13 01:00:00","300","34187","descending","13","48.1","53","2","64258","N","44925"
"44925","2026-03-12 10:41:00","2026-03-12 10:56:34","2026-03-13 02:46:00","780","34188","descending","53","107.7","53","12","64256","N","44925"
"46157","2026-03-12 10:42:00","2026-03-12 10:56:34","2026-03-16 01:22:00","2880","30849","descending","23.9","151.4","53","72","64257","N","46157"
"58474","2026-03-12 10:32:00","2026-03-12 10:46:35","2026-03-14 10:51:00","1440","12917","descending","-4.1","211.7","43","24","64254","N","58474"
"58474","2026-03-12 10:37:00","2026-03-12 10:46:35","2026-03-14 10:51:00","1440","12917","descending","-4.1","211.7","43","24","64255","N","58474"
"52376","2026-03-12 08:45:00","2026-03-12 08:56:36","2026-03-16 04:08:00","2880","21721","descending","6","78.2","53.2","72","64253","N","52376"
"68099","2026-03-12 06:02:00","2026-03-12 07:16:39","2026-03-13 06:01:00","840","115","descending","-35.1","99.6","42","12","64252","N","68099"
"49180","2026-03-11 21:40:00","2026-03-11 21:56:22","2026-03-15 10:58:00","2880","24886","descending","-11","94.1","70","72","64251","N","49180"
"68021","2026-03-11 21:33:00","2026-03-11 21:36:39","2026-03-15 11:37:00","2880","226","descending","-80.6","87","97.3","72","64250","N","68021"
"38752","2026-03-11 20:01:00","2026-03-11 20:06:39","2026-03-11 10:37:00","1","15058","descending","-2","255.3","9.5","0","64249","N","38752"
"46336","2026-03-11 19:09:00","2026-03-11 19:36:23","2026-03-13 16:25:00","1440","30630","descending","11.1","211","53","24","64248","N","46336"
"44925","2026-03-11 16:45:00","2026-03-11 16:56:36","2026-03-13 05:24:00","1320","34190","descending","13.4","341.3","53","24","64247","N","44925"
"44925","2026-03-11 16:38:00","2026-03-11 16:46:47","2026-03-13 05:24:00","1320","34190","descending","13.4","341.3","53","24","64246","N","44925"
"63801","2026-03-11 11:02:00","2026-03-11 11:16:40","2026-03-13 09:02:00","1440","4982","descending","2.2","192.3","41.5","24","64245","N","63801"
"38752","2026-03-11 10:50:00","2026-03-11 10:56:40","2026-03-11 11:50:00","540","15058","descending","-9.4","146.8","9.5","0","64244","N","38752"
"68099","2026-03-11 07:14:00","2026-03-11 08:17:02","2026-03-13 00:45:00","1440","112","descending","41.5","332.9","42","24","64243","N","68099"
"38752","2026-03-11 05:41:00","2026-03-11 05:46:24","2026-03-11 11:50:00","540","15058","descending","-9.4","146.8","9.5","2","64242","N","38752"
"58474","2026-03-11 03:40:00","2026-03-11 03:56:41","2026-03-14 04:04:00","2880","12913","descending","-11.9","152.6","43","48","64241","N","58474"
"38752","2026-03-10 23:33:00","2026-03-10 23:36:40","2026-03-11 11:50:00","540","15058","descending","-9.4","146.8","9.5","6","64240","N","38752"
"38752","2026-03-10 16:12:00","2026-03-10 16:26:24","2026-03-11 04:03:00","1440","15053","descending","-8.6","306.3","9.5","6","64239","N","38752"
"68100","2026-03-10 15:54:00","2026-03-10 16:16:58","2026-03-12 15:52:00","1440","105","descending","41.5","110.8","42.1","24","64238","N","68100"
"25262","2026-03-10 14:51:00","2026-03-10 14:56:55","2026-03-14 04:18:00","2880","48907","descending","-52.1","38.2","86.3","72","64237","N","25262"
"46336","2026-03-10 14:17:00","2026-03-10 14:26:23","2026-03-13 12:02:00","1440","30627","descending","22.8","288","53","48","64236","N","46336"
"63801","2026-03-10 14:05:00","2026-03-10 14:16:24","2026-03-13 08:54:00","1440","4981","descending","-18","170.4","41.5","48","64234","N","63801"
"44925","2026-03-10 14:11:00","2026-03-10 14:16:24","2026-03-13 08:13:00","1440","34191","descending","-11.9","278.8","53","48","64235","N","44925"
"38752","2026-03-10 04:12:00","2026-03-10 04:16:21","2026-03-11 04:03:00","1440","15053","descending","-8.6","306.3","9.5","12","64233","N","38752"
"68099","2026-03-09 23:42:00","2026-03-10 00:06:22","2026-03-13 00:08:00","2880","111","descending","-30","201.1","42","48","64232","N","68099"
"68100","2026-03-09 22:01:00","2026-03-09 23:07:36","2026-03-12 17:31:00","1440","106","descending","26.9","128.5","42.1","24","64230","N","68100"
"68100","2026-03-09 22:53:00","2026-03-09 23:07:36","2026-03-12 17:31:00","1440","106","descending","26.9","128.5","42.1","48","64231","N","68100"
"63801","2026-03-09 22:38:00","2026-03-09 22:46:30","2026-03-13 11:28:00","2880","4983","descending","-35.4","25.7","41.5","72","64229","N","63801"
"44925","2026-03-09 08:51:00","2026-03-09 08:56:25","2026-03-13 09:17:00","2880","34192","descending","-48.1","148.1","53","72","64228","N","44925"
"43675","2026-03-09 07:11:00","2026-03-09 07:26:38","2026-03-09 01:18:00","1","40302","descending","-32.6","273.8","98","0","64227","N","43675"
"38752","2026-03-09 06:12:00","2026-03-09 06:26:28","2026-03-10 23:45:00","1440","15051","descending","6.3","116.2","9.5","24","64225","N","38752"
"58474","2026-03-09 06:14:00","2026-03-09 06:26:28","2026-03-12 02:58:00","1440","12880","descending","-41.2","240.4","43","48","64226","N","58474"
"43675","2026-03-08 23:41:00","2026-03-08 23:56:32","2026-03-09 01:23:00","120","40302","descending","-23.9","275.9","98","0","64224","N","43675"
"43675","2026-03-08 19:35:00","2026-03-08 19:46:20","2026-03-09 01:40:00","300","40302","descending","-78.6","138.6","98","2","64223","N","43675"
"46336","2026-03-08 15:53:00","2026-03-08 16:06:38","2026-03-12 15:52:00","2880","30613","descending","4.3","34.2","53","72","64222","N","46336"
"43675","2026-03-08 13:41:00","2026-03-08 13:46:33","2026-03-09 01:58:00","420","40302","descending","-12.6","92.5","98","6","64221","N","43675"
"46336","2026-03-08 08:18:00","2026-03-08 08:26:31","2026-03-12 08:32:00","2880","30608","descending","-13.7","159.9","53","72","64220","N","46336"
"43675","2026-03-08 07:08:00","2026-03-08 07:16:38","2026-03-09 02:24:00","720","40303","descending","80","315.6","98","12","64219","N","43675"
"38752","2026-03-08 06:33:00","2026-03-08 06:46:55","2026-03-11 06:06:00","1440","15055","descending","1.1","344.8","9.5","48","64218","N","38752"
"57292","2026-03-08 02:49:00","2026-03-08 03:16:45","2026-03-07 23:23:00","1","14874","descending","-28.6","204.8","43","0","64217","N","57292"
"57118","2026-03-08 02:33:00","2026-03-08 02:37:28","2026-03-07 17:54:00","1","15156","descending","31.8","126.6","43","0","64216","N","57118"
"57292","2026-03-07 17:32:00","2026-03-07 17:46:41","2026-03-11 09:12:00","2880","14878","descending","-25","148","43","12","64215","N","57292"
"57118","2026-03-07 15:22:00","2026-03-07 15:36:31","2026-03-07 17:30:00","120","15156","descending","-39.6","30.4","43","0","64214","N","57118"
"57303","2026-03-07 14:13:00","2026-03-07 14:16:21","2026-03-07 11:55:00","1","14817","descending","-11.1","356.6","43","0","64213","N","57303"
"57292","2026-03-07 11:43:00","2026-03-07 11:56:21","2026-03-11 11:49:00","2880","14880","descending","-35.2","6.7","43","72","64212","N","57292"
"57118","2026-03-07 11:31:00","2026-03-07 11:46:35","2026-03-07 17:55:00","240","15157","descending","21.9","111.6","43","2","64210","N","57118"
"57303","2026-03-07 11:42:00","2026-03-07 11:46:35","2026-03-07 16:25:00","180","14817","descending","-12.5","290.9","43","2","64211","N","57303"
"43675","2026-03-07 08:02:00","2026-03-07 08:16:34","2026-03-09 03:31:00","1440","40304","descending","1.6","67.3","98","24","64209","N","43675"
"57118","2026-03-07 07:58:00","2026-03-07 08:06:54","2026-03-07 18:15:00","360","15157","descending","37.3","206.4","43","6","64208","N","57118"
"38752","2026-03-07 05:55:00","2026-03-07 06:06:21","2026-03-11 03:00:00","2880","15053","descending","9.1","97.1","9.5","72","64207","N","38752"
"57303","2026-03-07 05:25:00","2026-03-07 05:36:21","2026-03-10 20:51:00","2880","14869","descending","42.6","86.3","43","72","64206","N","57303"
"58474","2026-03-07 04:56:00","2026-03-07 05:06:37","2026-03-11 02:18:00","2880","12864","descending","42","114.2","43","72","64205","N","58474"
"57118","2026-03-06 20:39:00","2026-03-06 20:56:22","2026-03-07 20:09:00","900","15158","descending","-27.3","265.3","43","12","64204","N","57118"
"46541","2026-03-06 20:12:00","2026-03-06 20:26:21","2026-03-06 03:02:00","33","30013","descending","-39.3","222.4","53","0","64203","N","46541"
"46333","2026-03-06 11:21:00","2026-03-06 11:36:36","2026-03-06 03:33:00","4","30450","descending","-45.7","354.1","53","0","64202","N","46333"
"17295","2026-03-06 08:19:00","2026-03-06 08:36:30","2026-03-06 05:26:00","1","14392","descending","-32.5","138.7","82.5","0","64201","N","17295"
"66989","2026-03-06 07:35:00","2026-03-06 08:16:45","2026-03-06 06:14:00","1","1379","descending","-30.5","250.7","97.5","0","64200","N","66989"
"66989","2026-03-06 04:11:00","2026-03-06 05:06:38","2026-03-06 06:10:00","120","1379","descending","-64","263.8","97.5","0","64198","N","66989"
"17295","2026-03-06 04:02:00","2026-03-06 04:06:20","2026-03-06 05:56:00","60","14392","descending","-39.9","301","82.5","0","64197","N","17295"
"50194","2026-03-06 03:00:00","2026-03-06 03:06:33","2026-03-05 23:15:00","180","23772","descending","-48.6","300.2","53.2","0","64196","N","50194"
"46333","2026-03-06 01:07:00","2026-03-06 01:26:25","2026-03-06 03:30:00","120","30450","descending","-39.3","342.4","53","0","64195","N","46333"
"17295","2026-03-05 23:38:00","2026-03-05 23:46:40","2026-03-06 05:52:00","240","14392","descending","-56.4","296.9","82.5","2","64194","N","17295"
"46541","2026-03-05 23:29:00","2026-03-05 23:36:37","2026-03-06 01:50:00","300","30013","descending","8.8","285.3","53","0","64193","N","46541"
"43675","2026-03-05 22:49:00","2026-03-05 22:57:14","2026-03-08 21:24:00","1440","40299","descending","-38","165.5","98","48","64192","N","43675"
"57118","2026-03-05 21:36:00","2026-03-05 21:46:38","2026-03-07 19:40:00","1440","15158","descending","41.6","167.5","43","24","64191","N","57118"
"50194","2026-03-05 20:51:00","2026-03-05 21:06:23","2026-03-05 22:31:00","180","23772","descending","48.7","131","53.2","0","64189","N","50194"
"46333","2026-03-05 21:02:00","2026-03-05 21:06:23","2026-03-06 03:13:00","240","30450","descending","16.6","296.2","53","2","64190","N","46333"
"46541","2026-03-05 20:35:00","2026-03-05 20:47:27","2026-03-06 02:06:00","360","30013","descending","51","342.5","53","2","64188","N","46541"
"46333","2026-03-05 11:50:00","2026-03-05 11:56:32","2026-03-06 00:19:00","540","30448","descending","11.4","344.7","53","6","64187","N","46333"
"50194","2026-03-05 10:51:00","2026-03-05 10:56:35","2026-03-05 23:11:00","420","23772","descending","-52.7","281.1","53.2","6","64186","N","50194"
"66989","2026-03-05 06:37:00","2026-03-05 07:06:34","2026-03-06 06:35:00","840","1380","descending","36.3","236.7","97.5","12","64185","N","66989"
"17295","2026-03-05 04:52:00","2026-03-05 05:07:05","2026-03-06 04:59:00","900","14392","descending","81.3","21.7","82.5","12","64184","N","17295"
"67002","2026-03-05 03:59:00","2026-03-05 04:16:22","2026-03-05 00:42:00","1","1335","descending","-60.8","143.1","97.7","0","64183","N","67002"
"43675","2026-03-05 03:13:00","2026-03-05 03:26:28","2026-03-09 03:04:00","2880","40303","descending","-76.6","218.4","98","72","64182","N","43675"
"46541","2026-03-05 02:47:00","2026-03-05 02:56:54","2026-03-06 01:51:00","840","30013","descending","14.1","289","53","12","64181","N","46541"
"46333","2026-03-05 01:58:00","2026-03-05 02:06:50","2026-03-06 01:42:00","840","30449","descending","26.3","310.5","53","12","64180","N","46333"
"56403","2026-03-04 23:52:00","2026-03-05 00:06:21","2026-03-04 19:12:00","1","15665","descending","12.5","242.6","43","0","64177","N","56403"
"67002","2026-03-04 22:26:00","2026-03-04 23:06:35","2026-03-05 00:34:00","120","1335","descending","-10.1","159.6","97.7","0","64176","N","67002"
"50194","2026-03-04 22:36:00","2026-03-04 22:46:23","2026-03-05 22:20:00","1020","23772","descending","47.9","67.5","53.2","12","64175","N","50194"
"67002","2026-03-04 18:35:00","2026-03-04 19:06:34","2026-03-05 00:33:00","180","1335","descending","-5.9","160.4","97.7","2","64174","N","67002"
"46120","2026-03-04 18:46:00","2026-03-04 18:56:38","2026-03-04 17:48:00","1","30742","descending","-53.1","115.8","53","0","64173","N","46120"
"56403","2026-03-04 17:14:00","2026-03-04 17:26:23","2026-03-04 19:16:00","60","15665","descending","11.5","243.7","43","0","64172","N","56403"
"46120","2026-03-04 15:30:00","2026-03-04 15:46:33","2026-03-04 17:55:00","120","30742","descending","-52.9","127.3","53","0","64171","N","46120"
"56403","2026-03-04 13:48:00","2026-03-04 13:56:22","2026-03-04 19:29:00","180","15667","descending","-23.1","280.1","43","2","64170","N","56403"
"67002","2026-03-04 12:49:00","2026-03-04 13:16:21","2026-03-05 01:07:00","420","1335","descending","-34.5","338","97.7","6","64169","N","67002"
"46740","2026-03-04 12:36:00","2026-03-04 12:46:21","2026-03-04 07:48:00","1","29681","descending","-31.5","206","53","0","64168","N","46740"
"57118","2026-03-04 11:40:00","2026-03-04 11:46:37","2026-03-07 11:43:00","1440","15152","descending","-27.1","147.9","43","48","64167","N","57118"
"45207","2026-03-04 11:03:00","2026-03-04 11:16:35","2026-03-04 06:43:00","1","33605","descending","43.3","68","53","0","64166","N","45207"
"46120","2026-03-04 10:47:00","2026-03-04 10:56:35","2026-03-04 17:07:00","300","30742","descending","51.6","292.8","53","2","64165","N","46120"
"56403","2026-03-04 08:02:00","2026-03-04 08:16:53","2026-03-04 20:17:00","660","15668","descending","31.9","102.3","43","6","64164","N","56403"
"46740","2026-03-04 06:37:00","2026-03-04 06:47:16","2026-03-04 08:36:00","180","29681","descending","27.7","11.1","53","0","64163","N","46740"
"45207","2026-03-04 05:19:00","2026-03-04 05:36:20","2026-03-04 07:41:00","180","33605","descending","-52.1","295.3","53","0","64162","N","45207"
"46333","2026-03-04 04:23:00","2026-03-04 04:36:22","2026-03-06 01:41:00","1440","30449","descending","26.7","310.3","53","24","64161","N","46333"
"46120","2026-03-04 03:58:00","2026-03-04 04:26:20","2026-03-04 16:21:00","480","30741","descending","-49.3","113.8","53","6","64160","N","46120"
"17295","2026-03-04 03:18:00","2026-03-04 03:26:32","2026-03-06 00:47:00","1440","14389","descending","44.5","197.7","82.5","24","64159","N","17295"
"66989","2026-03-04 01:03:00","2026-03-04 02:16:47","2026-03-05 23:11:00","1440","1375","descending","19.1","350.6","97.5","24","64158","N","66989"
"46740","2026-03-04 01:34:00","2026-03-04 01:46:31","2026-03-04 07:24:00","180","29680","descending","52.1","112.1","53","2","64157","N","46740"
"50194","2026-03-04 00:59:00","2026-03-04 01:06:35","2026-03-05 20:12:00","1440","23770","descending","-52.8","304","53.2","24","64156","N","50194"
"45207","2026-03-04 00:22:00","2026-03-04 00:36:20","2026-03-04 06:43:00","240","33605","descending","31.9","52.2","53","2","64155","N","45207"
"67002","2026-03-03 23:51:00","2026-03-04 00:16:20","2026-03-05 00:06:00","840","1335","descending","74","320.2","97.7","12","64154","N","67002"
"56403","2026-03-03 23:59:00","2026-03-04 00:06:21","2026-03-04 18:16:00","840","15666","descending","-43","7.2","43","12","64153","N","56403"
"45207","2026-03-03 19:06:00","2026-03-03 19:16:34","2026-03-04 07:37:00","420","33605","descending","-52.7","270.5","53","6","64152","N","45207"
"46740","2026-03-03 19:01:00","2026-03-03 19:06:36","2026-03-04 06:06:00","420","29679","descending","31.5","178.8","53","6","64151","N","46740"
"46330","2026-03-03 15:28:00","2026-03-03 15:36:43","2026-03-03 12:04:00","1","30473","descending","1.3","326.8","53","0","64150","N","46330"
"46120","2026-03-03 15:06:00","2026-03-03 15:16:49","2026-03-04 15:17:00","840","30740","descending","-11.2","241.3","53","12","64149","N","46120"
"46541","2026-03-03 13:50:00","2026-03-03 13:56:21","2026-03-05 14:13:00","1440","30005","descending","41.3","137.1","53","24","64148","N","46541"
"57118","2026-03-03 13:01:00","2026-03-03 13:06:22","2026-03-07 12:32:00","2880","15153","descending","16.7","329.8","43","72","64147","N","57118"
"46337","2026-03-03 12:19:00","2026-03-03 12:26:20","2026-03-03 07:33:00","2","30450","descending","7.7","223.5","53","0","64146","N","46337"
"45207","2026-03-03 11:18:00","2026-03-03 11:26:36","2026-03-04 11:34:00","1140","33608","descending","21","113.4","53","12","64145","N","45207"
"46330","2026-03-03 10:39:00","2026-03-03 10:46:42","2026-03-03 13:01:00","180","30473","descending","-27.7","155.8","53","0","64143","N","46330"
"46333","2026-03-03 10:40:00","2026-03-03 10:46:42","2026-03-06 07:30:00","1440","30453","descending","39.2","205.9","53","48","64144","N","46333"
"46740","2026-03-03 08:37:00","2026-03-03 08:46:27","2026-03-04 06:57:00","780","29679","descending","-7.2","7.6","53","12","64142","N","46740"
"45551","2026-03-03 07:56:00","2026-03-03 08:06:34","2026-03-03 05:41:00","1","32591","descending","43.9","254","53","0","64141","N","45551"
"46330","2026-03-03 06:37:00","2026-03-03 06:47:22","2026-03-03 12:54:00","300","30473","descending","-5.4","138.5","53","2","64140","N","46330"
"46337","2026-03-03 05:29:00","2026-03-03 05:46:21","2026-03-03 07:31:00","120","30450","descending","16.8","217","53","0","64139","N","46337"
"46366","2026-03-03 04:07:00","2026-03-03 04:16:26","2026-03-03 01:08:00","1","30480","descending","15.8","289","53","0","64138","N","46366"
"56403","2026-03-03 02:30:00","2026-03-03 02:36:48","2026-03-05 02:59:00","1440","15672","descending","-41.5","209","43","24","64137","N","56403"
"45551","2026-03-03 02:15:00","2026-03-03 02:26:48","2026-03-03 04:30:00","120","32591","descending","13.2","309.7","53","0","64136","N","45551"
"46330","2026-03-03 01:55:00","2026-03-03 02:07:17","2026-03-03 12:46:00","420","30473","descending","18.9","121.5","53","6","64135","N","46330"
"17295","2026-03-03 00:52:00","2026-03-03 00:56:22","2026-03-06 00:49:00","1440","14389","descending","34.6","199.4","82.5","48","64134","N","17295"
"46337","2026-03-03 00:02:00","2026-03-03 00:06:30","2026-03-03 06:21:00","240","30449","descending","-39.7","286.3","53","2","64133","N","46337"
"45551","2026-03-02 23:17:00","2026-03-02 23:27:20","2026-03-03 03:58:00","180","32591","descending","25.3","168.7","53","2","64132","N","45551"
"46366","2026-03-02 23:04:00","2026-03-02 23:18:05","2026-03-03 01:28:00","120","30480","descending","-33.9","327.5","53","0","64131","N","46366"
"50194","2026-03-02 21:26:00","2026-03-02 21:36:23","2026-03-05 21:21:00","1440","23771","descending","-3.2","209.4","53.2","48","64130","N","50194"
"45207","2026-03-02 19:05:00","2026-03-02 19:16:34","2026-03-04 14:02:00","1440","33610","descending","28.2","296.3","53","24","64129","N","45207"
"46366","2026-03-02 18:52:00","2026-03-02 18:56:40","2026-03-03 01:00:00","240","30480","descending","49.5","243.1","53","2","64127","N","46366"
"63892","2026-03-02 18:53:00","2026-03-02 18:56:40","2026-03-01 06:23:00","300","4656","descending","-14.6","308.9","43","0","64128","N","63892"
"57307","2026-03-02 17:12:00","2026-03-02 17:16:38","2026-03-02 14:31:00","1","14671","descending","-29.1","15.4","43","0","64126","N","57307"
"46337","2026-03-02 16:59:00","2026-03-02 17:06:59","2026-03-03 05:21:00","420","30448","descending","-10.8","74.8","53","6","64125","N","46337"
"45551","2026-03-02 15:55:00","2026-03-02 16:06:21","2026-03-03 04:24:00","480","32591","descending","27.8","297.8","53","6","64124","N","45551"
"46366","2026-03-02 11:41:00","2026-03-02 11:46:20","2026-03-03 00:09:00","480","30479","descending","-51.4","27.7","53","6","64123","N","46366"
"57307","2026-03-02 10:57:00","2026-03-02 11:06:47","2026-03-03 03:30:00","600","14671","descending","20.7","117.7","43","12","64122","N","57307"
"46330","2026-03-02 09:41:00","2026-03-02 09:46:22","2026-03-03 10:06:00","960","30471","descending","-33.1","206.3","53","12","64121","N","46330"
"64512","2026-03-02 07:35:00","2026-03-02 07:47:28","2026-03-02 01:25:00","300","4063","descending","-37.6","181.1","51.8","0","64120","N","64512"
"46120","2026-03-02 04:41:00","2026-03-02 04:56:19","2026-03-04 05:05:00","1440","30734","descending","16.3","58.1","53","24","64118","N","46120"
"56403","2026-03-02 04:46:00","2026-03-02 04:56:19","2026-03-05 05:02:00","1440","15674","descending","26.3","318.4","43","48","64119","N","56403"
"45551","2026-03-02 04:39:00","2026-03-02 04:46:33","2026-03-03 04:34:00","900","32591","descending","-1.4","319.8","53","12","64117","N","45551"
"46337","2026-03-02 04:31:00","2026-03-02 04:36:20","2026-03-03 03:51:00","840","30447","descending","-17.8","92.1","53","12","64116","N","46337"
"46333","2026-03-02 04:08:00","2026-03-02 04:16:20","2026-03-06 01:09:00","2880","30449","descending","16.7","173.7","53","72","64115","N","46333"
"17295","2026-03-02 03:49:00","2026-03-02 03:56:29","2026-03-06 02:07:00","2880","14390","descending","74.2","157.1","82.5","72","64114","N","17295"
"46740","2026-03-02 02:34:00","2026-03-02 02:46:43","2026-03-04 02:47:00","1440","29677","descending","36.5","110.5","53","24","64113","N","46740"
"64512","2026-03-02 00:09:00","2026-03-02 00:16:19","2026-03-02 02:04:00","360","4064","descending","25.4","335.7","51.8","0","64112","N","64512"
"46366","2026-03-01 22:06:00","2026-03-01 22:16:20","2026-03-02 22:04:00","900","30478","descending","48.6","291","53","12","64111","N","46366"
"64512","2026-03-01 21:15:00","2026-03-01 21:26:33","2026-03-02 03:09:00","360","4064","descending","-44.4","247.4","51.8","2","64110","N","64512"
"57307","2026-03-01 20:50:00","2026-03-01 20:56:20","2026-03-05 17:51:00","2880","14713","descending","-3.1","270","43","72","64109","N","57307"
"50194","2026-03-01 20:03:00","2026-03-01 20:16:21","2026-03-05 16:51:00","2880","23768","descending","6.7","270.7","53.2","72","64107","N","50194"
"64469","2026-03-01 20:12:00","2026-03-01 20:16:21","2026-03-01 16:59:00","1","877","descending","-56","2.6","60.3","0","64108","N","64469"
"45416","2026-03-01 19:24:00","2026-03-01 19:36:19","2026-03-01 16:38:00","1","32997","descending","-37.9","353.5","53","0","64106","N","45416"
"64512","2026-03-01 16:19:00","2026-03-01 16:26:18","2026-03-02 03:09:00","420","4064","descending","-44.4","247.4","51.8","6","64105","N","64512"
"45416","2026-03-01 15:51:00","2026-03-01 15:56:19","2026-03-01 16:43:00","60","32997","descending","-39","352","53","0","64103","N","45416"
"64469","2026-03-01 15:53:00","2026-03-01 15:56:19","2026-03-01 17:22:00","120","877","descending","-27.9","102.7","60.3","0","64104","N","64469"
"64469","2026-03-01 13:02:00","2026-03-01 13:06:20","2026-03-01 17:22:00","180","877","descending","-27.9","102.7","60.3","2","64102","N","64469"
"45207","2026-03-01 11:21:00","2026-03-01 11:36:30","2026-03-04 09:30:00","1440","33607","descending","8.3","348","53","48","64100","N","45207"
"45416","2026-03-01 11:28:00","2026-03-01 11:36:30","2026-03-01 17:15:00","300","32998","descending","52.7","100.3","53","2","64101","N","45416"
"64512","2026-03-01 06:53:00","2026-03-01 07:07:49","2026-03-05 22:30:00","780","4126","descending","-47.3","219.4","51.8","12","64099","N","64512"
"46337","2026-03-01 05:22:00","2026-03-01 05:26:20","2026-03-03 03:55:00","1440","30447","descending","-2.9","102.9","53","24","64098","N","46337"
"56403","2026-03-01 04:47:00","2026-03-01 04:56:19","2026-03-05 04:56:00","2880","15674","descending","9.8","298.8","43","72","64097","N","56403"
"45551","2026-03-01 04:40:00","2026-03-01 04:46:21","2026-03-03 03:58:00","1440","32591","descending","30.7","174.2","53","24","64096","N","45551"
"63892","2026-03-01 04:19:00","2026-03-01 04:26:20","2026-03-01 05:58:00","300","4656","descending","-34.9","199.5","43","0","64095","N","63892"
"45416","2026-03-01 03:48:00","2026-03-01 03:56:20","2026-03-01 16:01:00","480","32997","descending","33.3","190.4","53","6","64093","N","45416"
"46740","2026-03-01 03:49:00","2026-03-01 03:56:20","2026-03-04 00:26:00","1440","29675","descending","-15.6","304.8","53","48","64094","N","46740"
"46541","2026-03-01 02:09:00","2026-03-01 02:16:46","2026-03-04 01:35:00","2880","29980","descending","12.2","105.9","53","48","64092","N","46541"
"63892","2026-03-01 01:57:00","2026-03-01 02:06:33","2026-03-01 05:58:00","300","4656","descending","-34.9","199.5","43","2","64091","N","63892"
"64469","2026-03-01 01:53:00","2026-03-01 01:56:20","2026-03-01 07:52:00","420","871","descending","-59.8","163.4","60.3","2","64090","N","64469"
"63892","2026-02-28 21:03:00","2026-02-28 21:16:19","2026-03-01 07:14:00","480","4657","descending","-4.5","136.8","43","6","64089","N","63892"
"64469","2026-02-28 19:15:00","2026-02-28 19:26:32","2026-03-01 07:52:00","720","871","descending","-59.8","163.4","60.3","6","64088","N","64469"
"46330","2026-02-28 17:56:00","2026-02-28 18:06:19","2026-03-02 17:50:00","1440","30460","descending","-27.3","88.3","53","24","64087","N","46330"
"46366","2026-02-28 17:45:00","2026-02-28 17:56:29","2026-03-02 12:22:00","1440","30471","descending","-51.5","208.1","53","24","64085","N","46366"
"46120","2026-02-28 17:50:00","2026-02-28 17:56:29","2026-03-03 11:55:00","1440","30722","descending","12.5","118","53","48","64086","N","46120"
"45416","2026-02-28 17:37:00","2026-02-28 17:46:20","2026-03-01 16:05:00","900","32997","descending","21.8","201.5","53","12","64084","N","45416"
"46337","2026-02-28 12:47:00","2026-02-28 12:56:22","2026-03-03 11:22:00","1440","30453","descending","8.5","357.7","53","48","64083","N","46337"
"45551","2026-02-28 12:33:00","2026-02-28 12:46:19","2026-03-03 10:24:00","1440","32595","descending","10.6","221.4","53","48","64082","N","45551"
"64469","2026-02-28 10:31:00","2026-02-28 10:36:20","2026-03-01 09:47:00","840","872","descending","-36","211.2","60.4","12","64081","N","64469"
"45207","2026-02-28 04:26:00","2026-02-28 04:36:20","2026-03-04 04:58:00","2880","33603","descending","-6.5","45.9","53","72","64080","N","45207"
"45416","2026-02-27 20:35:00","2026-02-27 20:46:21","2026-03-01 16:53:00","1440","32997","descending","-8.2","20.5","53","24","64077","N","45416"
"45551","2026-02-27 20:36:00","2026-02-27 20:46:21","2026-03-03 13:36:00","2880","32597","descending","-36.5","214.3","53","72","64078","N","45551"
"46740","2026-02-27 20:37:00","2026-02-27 20:46:21","2026-03-03 19:23:00","2880","29672","descending","44.3","236.7","53","72","64079","N","46740"
"46337","2026-02-27 11:34:00","2026-02-27 11:46:33","2026-03-03 10:24:00","2880","30452","descending","28.9","161.5","53","72","64076","N","46337"
"46541","2026-02-27 11:19:00","2026-02-27 11:27:08","2026-03-03 02:38:00","2880","29965","descending","6.9","290.9","53","72","64075","N","46541"
"63892","2026-02-27 10:20:00","2026-02-27 10:26:25","2026-02-28 10:06:00","1320","4643","descending","31.9","53.6","43","12","64074","N","63892"
"46330","2026-02-27 08:26:00","2026-02-27 08:36:20","2026-03-02 08:39:00","1440","30454","descending","22.3","187.8","53","48","64073","N","46330"
"46366","2026-02-27 06:32:00","2026-02-27 06:36:19","2026-03-02 06:47:00","1440","30467","descending","-9","36","53","48","64072","N","46366"
"64469","2026-02-27 06:15:00","2026-02-27 06:26:20","2026-03-01 05:58:00","5760","870","descending","-59.8","214.6","60.5","24","64071","N","64469"
